2026-05-31 13:32:35,763 [INFO] extraction_service - ============================================================
2026-05-31 13:32:35,764 [INFO] extraction_service - VLM 文本提取服务 — 新任务
2026-05-31 13:32:35,764 [INFO] extraction_service -   PDF 文件名: 医脉通】2020+ESC指南：非持续性ST段抬高型急性冠脉综合征的管理.pdf
2026-05-31 13:32:35,764 [INFO] extraction_service -   输出目录前缀: 医脉通】2020+ESC指南：非持续性ST段抬高型急性冠脉综合征的管理
2026-05-31 13:32:35,764 [INFO] extraction_service -   图片数量: 79
2026-05-31 13:32:35,764 [INFO] extraction_service -   模型: qwen3-vl-plus
2026-05-31 13:32:35,764 [INFO] extraction_service -   校验模式: 开启
2026-05-31 13:32:35,764 [INFO] extraction_service - ============================================================
2026-05-31 13:32:35,764 [INFO] extraction_service -   任务创建: 046e014d-a3b3-4d23-b8ee-ef3731b71059 → 【医脉通】2020+ESC指南：非持续性ST段抬高型急性冠脉综合征的管理_1.png (第1页)
2026-05-31 13:32:35,766 [INFO] extraction_service -   任务创建: 0c1e7ee0-f775-46c7-a9b2-741238096759 → 【医脉通】2020+ESC指南：非持续性ST段抬高型急性冠脉综合征的管理_2.png (第2页)
2026-05-31 13:32:35,766 [INFO] extraction_service -   任务创建: 84e5bc4f-0664-4c2b-b780-22c2b911226d → 【医脉通】2020+ESC指南：非持续性ST段抬高型急性冠脉综合征的管理_3.png (第3页)
2026-05-31 13:32:35,766 [INFO] extraction_service -   任务创建: 3917a863-2949-4664-a8e6-1254ec1172ef → 【医脉通】2020+ESC指南：非持续性ST段抬高型急性冠脉综合征的管理_4.png (第4页)
2026-05-31 13:32:35,766 [INFO] extraction_service -   任务创建: 339f3908-c49f-4201-b90b-c790d2369a42 → 【医脉通】2020+ESC指南：非持续性ST段抬高型急性冠脉综合征的管理_5.png (第5页)
2026-05-31 13:32:35,766 [INFO] extraction_service -   任务创建: abf862db-07fb-4b25-858d-601d4a569b2b → 【医脉通】2020+ESC指南：非持续性ST段抬高型急性冠脉综合征的管理_6.png (第6页)
2026-05-31 13:32:35,766 [INFO] extraction_service -   任务创建: 58259d72-4d02-4d40-b220-a23f21797f1d → 【医脉通】2020+ESC指南：非持续性ST段抬高型急性冠脉综合征的管理_7.png (第7页)
2026-05-31 13:32:35,766 [INFO] extraction_service -   任务创建: dbcbe85e-5122-464b-a2a6-046af92c3ee8 → 【医脉通】2020+ESC指南：非持续性ST段抬高型急性冠脉综合征的管理_8.png (第8页)
2026-05-31 13:32:35,766 [INFO] extraction_service -   任务创建: f963e8c9-4abf-4497-befd-65b65940a8d7 → 【医脉通】2020+ESC指南：非持续性ST段抬高型急性冠脉综合征的管理_9.png (第9页)
2026-05-31 13:32:35,766 [INFO] extraction_service -   任务创建: 05cff355-e8e5-4d25-bc1b-d1283eb401e4 → 【医脉通】2020+ESC指南：非持续性ST段抬高型急性冠脉综合征的管理_10.png (第10页)
2026-05-31 13:32:35,766 [INFO] extraction_service -   任务创建: 58229578-65f9-455c-9e8e-a91cc3014c8f → 【医脉通】2020+ESC指南：非持续性ST段抬高型急性冠脉综合征的管理_11.png (第11页)
2026-05-31 13:32:35,766 [INFO] extraction_service -   任务创建: 68c3855d-e6be-46d9-a84d-69017b397642 → 【医脉通】2020+ESC指南：非持续性ST段抬高型急性冠脉综合征的管理_12.png (第12页)
2026-05-31 13:32:35,766 [INFO] extraction_service -   任务创建: 8c6a6ee3-5382-4cca-a3b6-d62e8d6472f5 → 【医脉通】2020+ESC指南：非持续性ST段抬高型急性冠脉综合征的管理_13.png (第13页)
2026-05-31 13:32:35,766 [INFO] extraction_service -   任务创建: b8e454ef-d9ad-46fa-aedd-e4270c3bbcd8 → 【医脉通】2020+ESC指南：非持续性ST段抬高型急性冠脉综合征的管理_14.png (第14页)
2026-05-31 13:32:35,766 [INFO] extraction_service -   任务创建: 6958741e-9456-4616-854f-2c776ce442e0 → 【医脉通】2020+ESC指南：非持续性ST段抬高型急性冠脉综合征的管理_15.png (第15页)
2026-05-31 13:32:35,766 [INFO] extraction_service -   任务创建: 200d0171-bd6d-4d11-a921-2bebdf835260 → 【医脉通】2020+ESC指南：非持续性ST段抬高型急性冠脉综合征的管理_16.png (第16页)
2026-05-31 13:32:35,766 [INFO] extraction_service -   任务创建: f542a10b-f0f7-47cf-8590-edc9def33500 → 【医脉通】2020+ESC指南：非持续性ST段抬高型急性冠脉综合征的管理_17.png (第17页)
2026-05-31 13:32:35,766 [INFO] extraction_service -   任务创建: 5901b5e0-4ece-4953-a90f-d5244424340f → 【医脉通】2020+ESC指南：非持续性ST段抬高型急性冠脉综合征的管理_18.png (第18页)
2026-05-31 13:32:35,766 [INFO] extraction_service -   任务创建: d46279d4-6a0c-4594-94de-c5168babb2c0 → 【医脉通】2020+ESC指南：非持续性ST段抬高型急性冠脉综合征的管理_19.png (第19页)
2026-05-31 13:32:35,767 [INFO] extraction_service -   任务创建: 8bc69c1d-b553-4d19-a27e-bf39407812d2 → 【医脉通】2020+ESC指南：非持续性ST段抬高型急性冠脉综合征的管理_20.png (第20页)
2026-05-31 13:32:35,767 [INFO] extraction_service -   任务创建: ce8a4869-527a-4951-ae88-e3be67acf469 → 【医脉通】2020+ESC指南：非持续性ST段抬高型急性冠脉综合征的管理_21.png (第21页)
2026-05-31 13:32:35,767 [INFO] extraction_service -   任务创建: f71f5469-1d73-44fd-ab5f-1e24be6c71e7 → 【医脉通】2020+ESC指南：非持续性ST段抬高型急性冠脉综合征的管理_22.png (第22页)
2026-05-31 13:32:35,767 [INFO] extraction_service -   任务创建: 0b4abe74-9691-44c2-af18-0fd1d280e491 → 【医脉通】2020+ESC指南：非持续性ST段抬高型急性冠脉综合征的管理_23.png (第23页)
2026-05-31 13:32:35,767 [INFO] extraction_service -   任务创建: 48c0caa8-86e1-48fe-8993-3ab11158327e → 【医脉通】2020+ESC指南：非持续性ST段抬高型急性冠脉综合征的管理_24.png (第24页)
2026-05-31 13:32:35,767 [INFO] extraction_service -   任务创建: 12d0b468-6508-48f3-a2b4-36078a7eb34c → 【医脉通】2020+ESC指南：非持续性ST段抬高型急性冠脉综合征的管理_25.png (第25页)
2026-05-31 13:32:35,767 [INFO] extraction_service -   任务创建: f8d99aea-19da-48ac-b298-d42469dc4c2c → 【医脉通】2020+ESC指南：非持续性ST段抬高型急性冠脉综合征的管理_26.png (第26页)
2026-05-31 13:32:35,767 [INFO] extraction_service -   任务创建: b41efa87-1044-4a8c-b8c9-4fc1f03f3da2 → 【医脉通】2020+ESC指南：非持续性ST段抬高型急性冠脉综合征的管理_27.png (第27页)
2026-05-31 13:32:35,767 [INFO] extraction_service -   任务创建: 910e6cd6-20ab-45b4-a393-1470331373dd → 【医脉通】2020+ESC指南：非持续性ST段抬高型急性冠脉综合征的管理_28.png (第28页)
2026-05-31 13:32:35,767 [INFO] extraction_service -   任务创建: 5b6d5fef-2e53-4509-94f6-c07931bcccf9 → 【医脉通】2020+ESC指南：非持续性ST段抬高型急性冠脉综合征的管理_29.png (第29页)
2026-05-31 13:32:35,767 [INFO] extraction_service -   任务创建: 7d291136-6ce0-4f81-a4ee-87a7499305b3 → 【医脉通】2020+ESC指南：非持续性ST段抬高型急性冠脉综合征的管理_30.png (第30页)
2026-05-31 13:32:35,767 [INFO] extraction_service -   任务创建: f5d6160e-ae2a-4ab2-88e5-9643bd98a849 → 【医脉通】2020+ESC指南：非持续性ST段抬高型急性冠脉综合征的管理_31.png (第31页)
2026-05-31 13:32:35,767 [INFO] extraction_service -   任务创建: 7dec2c17-4853-4949-938e-149c3124702a → 【医脉通】2020+ESC指南：非持续性ST段抬高型急性冠脉综合征的管理_32.png (第32页)
2026-05-31 13:32:35,767 [INFO] extraction_service -   任务创建: 5df71d12-def3-43b2-b72e-13d00cb82bdd → 【医脉通】2020+ESC指南：非持续性ST段抬高型急性冠脉综合征的管理_33.png (第33页)
2026-05-31 13:32:35,767 [INFO] extraction_service -   任务创建: 17393e81-ab18-4e5e-b435-319c13ab882f → 【医脉通】2020+ESC指南：非持续性ST段抬高型急性冠脉综合征的管理_34.png (第34页)
2026-05-31 13:32:35,767 [INFO] extraction_service -   任务创建: 527fc2bc-f774-4b7a-a087-5b8e955c644e → 【医脉通】2020+ESC指南：非持续性ST段抬高型急性冠脉综合征的管理_35.png (第35页)
2026-05-31 13:32:35,767 [INFO] extraction_service -   任务创建: a34fc704-271d-48ec-9c25-3b11f50f0b56 → 【医脉通】2020+ESC指南：非持续性ST段抬高型急性冠脉综合征的管理_36.png (第36页)
2026-05-31 13:32:35,767 [INFO] extraction_service -   任务创建: d371bcb9-e199-4e96-b91a-e836f4920cbd → 【医脉通】2020+ESC指南：非持续性ST段抬高型急性冠脉综合征的管理_37.png (第37页)
2026-05-31 13:32:35,767 [INFO] extraction_service -   任务创建: ee4776b4-504c-4f8f-8fa6-48a471d8c498 → 【医脉通】2020+ESC指南：非持续性ST段抬高型急性冠脉综合征的管理_38.png (第38页)
2026-05-31 13:32:35,767 [INFO] extraction_service -   任务创建: 5646c27b-fb68-4c2a-9ff7-e93131db1ec9 → 【医脉通】2020+ESC指南：非持续性ST段抬高型急性冠脉综合征的管理_39.png (第39页)
2026-05-31 13:32:35,767 [INFO] extraction_service -   任务创建: 8ccf82dd-f1db-4ec4-a74c-9095ef532043 → 【医脉通】2020+ESC指南：非持续性ST段抬高型急性冠脉综合征的管理_40.png (第40页)
2026-05-31 13:32:35,767 [INFO] extraction_service -   任务创建: 87543ed8-ef2b-454b-a583-9c65e23ca131 → 【医脉通】2020+ESC指南：非持续性ST段抬高型急性冠脉综合征的管理_41.png (第41页)
2026-05-31 13:32:35,767 [INFO] extraction_service -   任务创建: 1e3948db-0a94-4627-850f-91d3895c067c → 【医脉通】2020+ESC指南：非持续性ST段抬高型急性冠脉综合征的管理_42.png (第42页)
2026-05-31 13:32:35,767 [INFO] extraction_service -   任务创建: 2dbde8df-a964-4775-bc29-1d5b31dfd296 → 【医脉通】2020+ESC指南：非持续性ST段抬高型急性冠脉综合征的管理_43.png (第43页)
2026-05-31 13:32:35,767 [INFO] extraction_service -   任务创建: 8992529b-f0e9-4278-ae92-8d27b4e38ecf → 【医脉通】2020+ESC指南：非持续性ST段抬高型急性冠脉综合征的管理_44.png (第44页)
2026-05-31 13:32:35,768 [INFO] extraction_service -   任务创建: b0c60bcd-03ce-41f8-97a5-4ce9310ea11e → 【医脉通】2020+ESC指南：非持续性ST段抬高型急性冠脉综合征的管理_45.png (第45页)
2026-05-31 13:32:35,768 [INFO] extraction_service -   任务创建: bdb84c05-a24e-48dd-9523-d7bc80884f54 → 【医脉通】2020+ESC指南：非持续性ST段抬高型急性冠脉综合征的管理_46.png (第46页)
2026-05-31 13:32:35,768 [INFO] extraction_service -   任务创建: 17d64b24-ad86-4c7f-a537-c3886c185b20 → 【医脉通】2020+ESC指南：非持续性ST段抬高型急性冠脉综合征的管理_47.png (第47页)
2026-05-31 13:32:35,768 [INFO] extraction_service -   任务创建: 7c351c60-e30e-4f1e-9776-44633c605941 → 【医脉通】2020+ESC指南：非持续性ST段抬高型急性冠脉综合征的管理_48.png (第48页)
2026-05-31 13:32:35,768 [INFO] extraction_service -   任务创建: 61a6a24f-df32-4e7d-9fab-1bea4022bc0c → 【医脉通】2020+ESC指南：非持续性ST段抬高型急性冠脉综合征的管理_49.png (第49页)
2026-05-31 13:32:35,768 [INFO] extraction_service -   任务创建: 19a68cc6-7af6-422c-bd7a-a21d276d8dc4 → 【医脉通】2020+ESC指南：非持续性ST段抬高型急性冠脉综合征的管理_50.png (第50页)
2026-05-31 13:32:35,768 [INFO] extraction_service -   任务创建: 39503796-dfb6-4345-861f-68638dbc1203 → 【医脉通】2020+ESC指南：非持续性ST段抬高型急性冠脉综合征的管理_51.png (第51页)
2026-05-31 13:32:35,768 [INFO] extraction_service -   任务创建: a0164efb-e777-4861-875d-9e4a1371b5f8 → 【医脉通】2020+ESC指南：非持续性ST段抬高型急性冠脉综合征的管理_52.png (第52页)
2026-05-31 13:32:35,768 [INFO] extraction_service -   任务创建: 9571beb4-6341-4353-bc5b-6fd808978d88 → 【医脉通】2020+ESC指南：非持续性ST段抬高型急性冠脉综合征的管理_53.png (第53页)
2026-05-31 13:32:35,768 [INFO] extraction_service -   任务创建: 07d27cf6-bec6-4e70-95dd-28c976f0e082 → 【医脉通】2020+ESC指南：非持续性ST段抬高型急性冠脉综合征的管理_54.png (第54页)
2026-05-31 13:32:35,768 [INFO] extraction_service -   任务创建: 463a8f46-3aad-42d2-a795-ae4ab817710d → 【医脉通】2020+ESC指南：非持续性ST段抬高型急性冠脉综合征的管理_55.png (第55页)
2026-05-31 13:32:35,768 [INFO] extraction_service -   任务创建: d80fd5cb-2f74-42cf-8b24-32fa23fad102 → 【医脉通】2020+ESC指南：非持续性ST段抬高型急性冠脉综合征的管理_56.png (第56页)
2026-05-31 13:32:35,768 [INFO] extraction_service -   任务创建: da636275-6050-48fe-be64-fcb5ad165c1c → 【医脉通】2020+ESC指南：非持续性ST段抬高型急性冠脉综合征的管理_57.png (第57页)
2026-05-31 13:32:35,768 [INFO] extraction_service -   任务创建: abfb37e0-dc19-4b08-b691-0475701a7304 → 【医脉通】2020+ESC指南：非持续性ST段抬高型急性冠脉综合征的管理_58.png (第58页)
2026-05-31 13:32:35,768 [INFO] extraction_service -   任务创建: c7b4c63d-ab96-4f68-ae39-b54aa27fb723 → 【医脉通】2020+ESC指南：非持续性ST段抬高型急性冠脉综合征的管理_59.png (第59页)
2026-05-31 13:32:35,768 [INFO] extraction_service -   任务创建: a75e34b7-f2c1-4845-913a-f1b99c205626 → 【医脉通】2020+ESC指南：非持续性ST段抬高型急性冠脉综合征的管理_60.png (第60页)
2026-05-31 13:32:35,768 [INFO] extraction_service -   任务创建: 11c6bdc6-aa9d-4ff5-992f-d70d669aba2b → 【医脉通】2020+ESC指南：非持续性ST段抬高型急性冠脉综合征的管理_61.png (第61页)
2026-05-31 13:32:35,768 [INFO] extraction_service -   任务创建: 25e76f69-2a3c-470a-aeae-820fcd63cd8a → 【医脉通】2020+ESC指南：非持续性ST段抬高型急性冠脉综合征的管理_62.png (第62页)
2026-05-31 13:32:35,768 [INFO] extraction_service -   任务创建: 4d5eb3c9-1af2-4ff1-b965-eb935821a2c9 → 【医脉通】2020+ESC指南：非持续性ST段抬高型急性冠脉综合征的管理_63.png (第63页)
2026-05-31 13:32:35,768 [INFO] extraction_service -   任务创建: 21ca581d-271f-4547-8f95-58ad150de935 → 【医脉通】2020+ESC指南：非持续性ST段抬高型急性冠脉综合征的管理_64.png (第64页)
2026-05-31 13:32:35,768 [INFO] extraction_service -   任务创建: 46845072-cd25-414e-939a-43c2112f0f36 → 【医脉通】2020+ESC指南：非持续性ST段抬高型急性冠脉综合征的管理_65.png (第65页)
2026-05-31 13:32:35,768 [INFO] extraction_service -   任务创建: e491a64e-3f32-4ba7-a859-a772eecc30a2 → 【医脉通】2020+ESC指南：非持续性ST段抬高型急性冠脉综合征的管理_66.png (第66页)
2026-05-31 13:32:35,768 [INFO] extraction_service -   任务创建: 02574cb7-f6be-44f5-94b1-a02e29b150a1 → 【医脉通】2020+ESC指南：非持续性ST段抬高型急性冠脉综合征的管理_67.png (第67页)
2026-05-31 13:32:35,768 [INFO] extraction_service -   任务创建: 6db858c3-0245-4f83-8533-238dd24b8ac0 → 【医脉通】2020+ESC指南：非持续性ST段抬高型急性冠脉综合征的管理_68.png (第68页)
2026-05-31 13:32:35,768 [INFO] extraction_service -   任务创建: 1a3141b8-0af9-4128-95b0-0c043bb4a83a → 【医脉通】2020+ESC指南：非持续性ST段抬高型急性冠脉综合征的管理_69.png (第69页)
2026-05-31 13:32:35,768 [INFO] extraction_service -   任务创建: 4a4f8c2d-2b70-4c1f-b850-f24a5647fe23 → 【医脉通】2020+ESC指南：非持续性ST段抬高型急性冠脉综合征的管理_70.png (第70页)
2026-05-31 13:32:35,768 [INFO] extraction_service -   任务创建: b65ef564-52b7-430f-9a88-719afb7547c5 → 【医脉通】2020+ESC指南：非持续性ST段抬高型急性冠脉综合征的管理_71.png (第71页)
2026-05-31 13:32:35,768 [INFO] extraction_service -   任务创建: 3f92c86d-6116-4570-b399-f08ad033bc91 → 【医脉通】2020+ESC指南：非持续性ST段抬高型急性冠脉综合征的管理_72.png (第72页)
2026-05-31 13:32:35,768 [INFO] extraction_service -   任务创建: 3ea2a29e-5dd5-40f7-98dd-454dc212a8fd → 【医脉通】2020+ESC指南：非持续性ST段抬高型急性冠脉综合征的管理_73.png (第73页)
2026-05-31 13:32:35,768 [INFO] extraction_service -   任务创建: ae3e97ef-e618-4f52-b58a-189c8697f198 → 【医脉通】2020+ESC指南：非持续性ST段抬高型急性冠脉综合征的管理_74.png (第74页)
2026-05-31 13:32:35,768 [INFO] extraction_service -   任务创建: 9541b7fc-cbcb-450a-ae51-42fac2c7395f → 【医脉通】2020+ESC指南：非持续性ST段抬高型急性冠脉综合征的管理_75.png (第75页)
2026-05-31 13:32:35,768 [INFO] extraction_service -   任务创建: 6157087e-af24-42bd-83b0-5902db848a87 → 【医脉通】2020+ESC指南：非持续性ST段抬高型急性冠脉综合征的管理_76.png (第76页)
2026-05-31 13:32:35,768 [INFO] extraction_service -   任务创建: 8ea413a4-1d3d-4fba-9c0b-27b86d91f007 → 【医脉通】2020+ESC指南：非持续性ST段抬高型急性冠脉综合征的管理_77.png (第77页)
2026-05-31 13:32:35,768 [INFO] extraction_service -   任务创建: 3cf6fb2e-05e3-4eb6-befd-8e24f36c403e → 【医脉通】2020+ESC指南：非持续性ST段抬高型急性冠脉综合征的管理_78.png (第78页)
2026-05-31 13:32:35,768 [INFO] extraction_service -   任务创建: 0fcfd1bf-3698-4dcd-8b6d-981b9b42aee6 → 【医脉通】2020+ESC指南：非持续性ST段抬高型急性冠脉综合征的管理_79.png (第79页)
2026-05-31 13:32:35,771 [INFO] extraction_service - 
==================================================
2026-05-31 13:32:35,771 [INFO] extraction_service - [046e014d-a3b3-4d23-b8ee-ef3731b71059] 开始处理第 1 页: 【医脉通】2020+ESC指南：非持续性ST段抬高型急性冠脉综合征的管理_1.png
2026-05-31 13:32:35,804 [INFO] extraction_service - 
==================================================
2026-05-31 13:32:35,804 [INFO] extraction_service - [0c1e7ee0-f775-46c7-a9b2-741238096759] 开始处理第 2 页: 【医脉通】2020+ESC指南：非持续性ST段抬高型急性冠脉综合征的管理_2.png
2026-05-31 13:32:35,831 [INFO] extraction_service - 
==================================================
2026-05-31 13:32:35,831 [INFO] extraction_service - [84e5bc4f-0664-4c2b-b780-22c2b911226d] 开始处理第 3 页: 【医脉通】2020+ESC指南：非持续性ST段抬高型急性冠脉综合征的管理_3.png
2026-05-31 13:32:35,848 [INFO] extraction_service - 
==================================================
2026-05-31 13:32:35,848 [INFO] extraction_service - [3917a863-2949-4664-a8e6-1254ec1172ef] 开始处理第 4 页: 【医脉通】2020+ESC指南：非持续性ST段抬高型急性冠脉综合征的管理_4.png
2026-05-31 13:32:35,866 [INFO] extraction_service - 
==================================================
2026-05-31 13:32:35,866 [INFO] extraction_service - [339f3908-c49f-4201-b90b-c790d2369a42] 开始处理第 5 页: 【医脉通】2020+ESC指南：非持续性ST段抬高型急性冠脉综合征的管理_5.png
2026-05-31 13:32:35,882 [INFO] extraction_service - 
==================================================
2026-05-31 13:32:35,882 [INFO] extraction_service - [abf862db-07fb-4b25-858d-601d4a569b2b] 开始处理第 6 页: 【医脉通】2020+ESC指南：非持续性ST段抬高型急性冠脉综合征的管理_6.png
2026-05-31 13:32:35,896 [INFO] extraction_service - 
==================================================
2026-05-31 13:32:35,896 [INFO] extraction_service - [58259d72-4d02-4d40-b220-a23f21797f1d] 开始处理第 7 页: 【医脉通】2020+ESC指南：非持续性ST段抬高型急性冠脉综合征的管理_7.png
2026-05-31 13:32:35,909 [INFO] extraction_service - 
==================================================
2026-05-31 13:32:35,909 [INFO] extraction_service - [dbcbe85e-5122-464b-a2a6-046af92c3ee8] 开始处理第 8 页: 【医脉通】2020+ESC指南：非持续性ST段抬高型急性冠脉综合征的管理_8.png
2026-05-31 13:32:52,432 [WARNING] extraction_service - [84e5bc4f-0664-4c2b-b780-22c2b911226d] 校验发现问题，启动定向重提: 目录页应完整提取所有章节标题、编号及对应页码，不得跳过
2026-05-31 13:33:19,977 [WARNING] extraction_service - [abf862db-07fb-4b25-858d-601d4a569b2b] 校验发现问题，启动定向重提: 遗漏表格下方注释段落，且未删除右下角页脚网址
2026-05-31 13:33:23,286 [INFO] extraction_service - [046e014d-a3b3-4d23-b8ee-ef3731b71059] 完成! 耗时 47.51s, 策略=轻量提取, 结果=output/医脉通】2020+ESC指南：非持续性ST段抬高型急性冠脉综合征的管理/医脉通】2020+ESC指南：非持续性ST段抬高型急性冠脉综合征的管理_1.md
2026-05-31 13:33:23,286 [INFO] extraction_service - 
==================================================
2026-05-31 13:33:23,286 [INFO] extraction_service - [f963e8c9-4abf-4497-befd-65b65940a8d7] 开始处理第 9 页: 【医脉通】2020+ESC指南：非持续性ST段抬高型急性冠脉综合征的管理_9.png
2026-05-31 13:33:25,825 [INFO] extraction_service - [339f3908-c49f-4201-b90b-c790d2369a42] 完成! 耗时 49.96s, 策略=标准提取, 结果=output/医脉通】2020+ESC指南：非持续性ST段抬高型急性冠脉综合征的管理/医脉通】2020+ESC指南：非持续性ST段抬高型急性冠脉综合征的管理_5.md
2026-05-31 13:33:25,825 [INFO] extraction_service - 
==================================================
2026-05-31 13:33:25,825 [INFO] extraction_service - [05cff355-e8e5-4d25-bc1b-d1283eb401e4] 开始处理第 10 页: 【医脉通】2020+ESC指南：非持续性ST段抬高型急性冠脉综合征的管理_10.png
2026-05-31 13:33:25,923 [INFO] extraction_service - [dbcbe85e-5122-464b-a2a6-046af92c3ee8] 完成! 耗时 50.01s, 策略=标准提取, 结果=output/医脉通】2020+ESC指南：非持续性ST段抬高型急性冠脉综合征的管理/医脉通】2020+ESC指南：非持续性ST段抬高型急性冠脉综合征的管理_8.md
2026-05-31 13:33:25,924 [INFO] extraction_service - 
==================================================
2026-05-31 13:33:25,924 [INFO] extraction_service - [58229578-65f9-455c-9e8e-a91cc3014c8f] 开始处理第 11 页: 【医脉通】2020+ESC指南：非持续性ST段抬高型急性冠脉综合征的管理_11.png
2026-05-31 13:33:28,705 [WARNING] extraction_service - [3917a863-2949-4664-a8e6-1254ec1172ef] 校验发现问题，启动定向重提: 需完整提取右栏内容：Table 4至Table 15的目录条目（含标题与页码）及Figure 1至Figure 9的目录条目，严格按左栏→右栏顺序排列，确保双栏结构还原。
2026-05-31 13:33:38,102 [INFO] extraction_service - [58259d72-4d02-4d40-b220-a23f21797f1d] 完成! 耗时 62.20s, 策略=标准提取, 结果=output/医脉通】2020+ESC指南：非持续性ST段抬高型急性冠脉综合征的管理/医脉通】2020+ESC指南：非持续性ST段抬高型急性冠脉综合征的管理_7.md
2026-05-31 13:33:38,102 [INFO] extraction_service - 
==================================================
2026-05-31 13:33:38,102 [INFO] extraction_service - [68c3855d-e6be-46d9-a84d-69017b397642] 开始处理第 12 页: 【医脉通】2020+ESC指南：非持续性ST段抬高型急性冠脉综合征的管理_12.png
2026-05-31 13:33:45,628 [WARNING] extraction_service - [0c1e7ee0-f775-46c7-a9b2-741238096759] 校验发现问题，启动定向重提: 遗漏了页面右下角URL页脚文字，且因Scout误判表格导致内容块识别错误，需重新校准页面结构并完整提取所有可见文本内容
2026-05-31 13:33:46,509 [INFO] extraction_service - [84e5bc4f-0664-4c2b-b780-22c2b911226d] 定向重提完成
2026-05-31 13:33:50,258 [INFO] extraction_service - [abf862db-07fb-4b25-858d-601d4a569b2b] 定向重提完成
2026-05-31 13:33:57,291 [INFO] extraction_service - [abf862db-07fb-4b25-858d-601d4a569b2b] 完成! 耗时 81.41s, 策略=标准提取, 结果=output/医脉通】2020+ESC指南：非持续性ST段抬高型急性冠脉综合征的管理/医脉通】2020+ESC指南：非持续性ST段抬高型急性冠脉综合征的管理_6.md
2026-05-31 13:33:57,291 [INFO] extraction_service - 
==================================================
2026-05-31 13:33:57,291 [INFO] extraction_service - [8c6a6ee3-5382-4cca-a3b6-d62e8d6472f5] 开始处理第 13 页: 【医脉通】2020+ESC指南：非持续性ST段抬高型急性冠脉综合征的管理_13.png
2026-05-31 13:34:01,877 [INFO] extraction_service - [3917a863-2949-4664-a8e6-1254ec1172ef] 定向重提完成
2026-05-31 13:34:03,462 [WARNING] extraction_service - [84e5bc4f-0664-4c2b-b780-22c2b911226d] 重提后仍有问题: 修正章节编号错误：9.1.9 后不应存在 9.1.10，'Influenza vaccination' 应为 9.1.9，避免编号错位导致结构混乱
2026-05-31 13:34:03,462 [WARNING] extraction_service - [84e5bc4f-0664-4c2b-b780-22c2b911226d] 已生成复核指引: output/医脉通】2020+ESC指南：非持续性ST段抬高型急性冠脉综合征的管理/医脉通】2020+ESC指南：非持续性ST段抬高型急性冠脉综合征的管理_3_review.md
2026-05-31 13:34:03,462 [INFO] extraction_service - [84e5bc4f-0664-4c2b-b780-22c2b911226d] 完成! 耗时 87.63s, 策略=轻量提取, 结果=output/医脉通】2020+ESC指南：非持续性ST段抬高型急性冠脉综合征的管理/医脉通】2020+ESC指南：非持续性ST段抬高型急性冠脉综合征的管理_3.md
2026-05-31 13:34:03,463 [INFO] extraction_service - 
==================================================
2026-05-31 13:34:03,463 [INFO] extraction_service - [b8e454ef-d9ad-46fa-aedd-e4270c3bbcd8] 开始处理第 14 页: 【医脉通】2020+ESC指南：非持续性ST段抬高型急性冠脉综合征的管理_14.png
2026-05-31 13:34:04,540 [INFO] extraction_service - [3917a863-2949-4664-a8e6-1254ec1172ef] 完成! 耗时 88.69s, 策略=轻量提取, 结果=output/医脉通】2020+ESC指南：非持续性ST段抬高型急性冠脉综合征的管理/医脉通】2020+ESC指南：非持续性ST段抬高型急性冠脉综合征的管理_4.md
2026-05-31 13:34:04,540 [INFO] extraction_service - 
==================================================
2026-05-31 13:34:04,540 [INFO] extraction_service - [6958741e-9456-4616-854f-2c776ce442e0] 开始处理第 15 页: 【医脉通】2020+ESC指南：非持续性ST段抬高型急性冠脉综合征的管理_15.png
2026-05-31 13:34:28,242 [INFO] extraction_service - [0c1e7ee0-f775-46c7-a9b2-741238096759] 定向重提完成
2026-05-31 13:34:31,484 [INFO] extraction_service - [68c3855d-e6be-46d9-a84d-69017b397642] 完成! 耗时 53.38s, 策略=标准提取, 结果=output/医脉通】2020+ESC指南：非持续性ST段抬高型急性冠脉综合征的管理/医脉通】2020+ESC指南：非持续性ST段抬高型急性冠脉综合征的管理_12.md
2026-05-31 13:34:31,484 [INFO] extraction_service - 
==================================================
2026-05-31 13:34:31,484 [INFO] extraction_service - [200d0171-bd6d-4d11-a921-2bebdf835260] 开始处理第 16 页: 【医脉通】2020+ESC指南：非持续性ST段抬高型急性冠脉综合征的管理_16.png
2026-05-31 13:34:35,932 [INFO] extraction_service - [f963e8c9-4abf-4497-befd-65b65940a8d7] 完成! 耗时 72.65s, 策略=标准提取, 结果=output/医脉通】2020+ESC指南：非持续性ST段抬高型急性冠脉综合征的管理/医脉通】2020+ESC指南：非持续性ST段抬高型急性冠脉综合征的管理_9.md
2026-05-31 13:34:35,933 [INFO] extraction_service - 
==================================================
2026-05-31 13:34:35,933 [INFO] extraction_service - [f542a10b-f0f7-47cf-8590-edc9def33500] 开始处理第 17 页: 【医脉通】2020+ESC指南：非持续性ST段抬高型急性冠脉综合征的管理_17.png
2026-05-31 13:34:37,663 [WARNING] extraction_service - [05cff355-e8e5-4d25-bc1b-d1283eb401e4] 校验发现问题，启动定向重提: 严格按双栏顺序：左栏仅含表格+新章节列表+缩略语表；右栏依次为右上缩略语定义段、2.4节、3 Diagnosis及其子节；必须补全左中图片区域的图注占位（如'（Figure 1）'）
2026-05-31 13:34:41,434 [WARNING] extraction_service - [0c1e7ee0-f775-46c7-a9b2-741238096759] 重提后仍有问题: 需将目录部分按原图双栏表格结构还原为两个表格（左栏与右栏），并补全右上角‘SD’图标标识，同时删除页脚网址
2026-05-31 13:34:41,435 [WARNING] extraction_service - [0c1e7ee0-f775-46c7-a9b2-741238096759] 已生成复核指引: output/医脉通】2020+ESC指南：非持续性ST段抬高型急性冠脉综合征的管理/医脉通】2020+ESC指南：非持续性ST段抬高型急性冠脉综合征的管理_2_review.md
2026-05-31 13:34:41,435 [INFO] extraction_service - [0c1e7ee0-f775-46c7-a9b2-741238096759] 完成! 耗时 125.63s, 策略=标准提取, 结果=output/医脉通】2020+ESC指南：非持续性ST段抬高型急性冠脉综合征的管理/医脉通】2020+ESC指南：非持续性ST段抬高型急性冠脉综合征的管理_2.md
2026-05-31 13:34:41,435 [INFO] extraction_service - 
==================================================
2026-05-31 13:34:41,435 [INFO] extraction_service - [5901b5e0-4ece-4953-a90f-d5244424340f] 开始处理第 18 页: 【医脉通】2020+ESC指南：非持续性ST段抬高型急性冠脉综合征的管理_18.png
2026-05-31 13:34:58,548 [WARNING] extraction_service - [58229578-65f9-455c-9e8e-a91cc3014c8f] 校验发现问题，启动定向重提: YAML流程图中'tn_delta_any'节点内容遗漏'consider direct rule-in'关键短语，且右下栏小节标题未正确分层，需修正流程图逻辑完整性与排版层级
2026-05-31 13:35:04,737 [WARNING] extraction_service - [8c6a6ee3-5382-4cca-a3b6-d62e8d6472f5] 校验发现问题，启动定向重提: 严格按双栏顺序：先完整输出左栏（Table 3 + 其表注 + Table 4 + 其脚注 + 左下段落'3.3.2.2 Other biomarkers'首句），再输出右栏正文；同时删除页脚网址
2026-05-31 13:35:10,758 [WARNING] extraction_service - [6958741e-9456-4616-854f-2c776ce442e0] 校验发现问题，启动定向重提: 修正表格下方注释的归属与格式、删除页脚URL、纠正右栏内容结构错位，并严格按原文空白单元格输出（勿添加'TBD'）
2026-05-31 13:35:18,572 [INFO] extraction_service - [05cff355-e8e5-4d25-bc1b-d1283eb401e4] 定向重提完成
2026-05-31 13:35:30,171 [INFO] extraction_service - [b8e454ef-d9ad-46fa-aedd-e4270c3bbcd8] 完成! 耗时 86.71s, 策略=标准提取, 结果=output/医脉通】2020+ESC指南：非持续性ST段抬高型急性冠脉综合征的管理/医脉通】2020+ESC指南：非持续性ST段抬高型急性冠脉综合征的管理_14.md
2026-05-31 13:35:30,173 [INFO] extraction_service - 
==================================================
2026-05-31 13:35:30,173 [INFO] extraction_service - [d46279d4-6a0c-4594-94de-c5168babb2c0] 开始处理第 19 页: 【医脉通】2020+ESC指南：非持续性ST段抬高型急性冠脉综合征的管理_19.png
2026-05-31 13:35:37,304 [WARNING] extraction_service - [05cff355-e8e5-4d25-bc1b-d1283eb401e4] 重提后仍有问题: 需严格按双栏顺序分离内容：右上角缩略语列表应独立置于右栏顶部，不得并入左栏末尾；补充提取左中图片对应的图题（Figure 1）；删除所有参考文献上标数字；将Class I/IIa/IIb标签正确归入表格结构或明确标注为分类标识。
2026-05-31 13:35:37,304 [WARNING] extraction_service - [05cff355-e8e5-4d25-bc1b-d1283eb401e4] 已生成复核指引: output/医脉通】2020+ESC指南：非持续性ST段抬高型急性冠脉综合征的管理/医脉通】2020+ESC指南：非持续性ST段抬高型急性冠脉综合征的管理_10_review.md
2026-05-31 13:35:37,304 [INFO] extraction_service - [05cff355-e8e5-4d25-bc1b-d1283eb401e4] 完成! 耗时 131.48s, 策略=标准提取, 结果=output/医脉通】2020+ESC指南：非持续性ST段抬高型急性冠脉综合征的管理/医脉通】2020+ESC指南：非持续性ST段抬高型急性冠脉综合征的管理_10.md
2026-05-31 13:35:37,304 [INFO] extraction_service - 
==================================================
2026-05-31 13:35:37,304 [INFO] extraction_service - [8bc69c1d-b553-4d19-a27e-bf39407812d2] 开始处理第 20 页: 【医脉通】2020+ESC指南：非持续性ST段抬高型急性冠脉综合征的管理_20.png
2026-05-31 13:35:39,420 [INFO] extraction_service - [5901b5e0-4ece-4953-a90f-d5244424340f] 完成! 耗时 57.98s, 策略=标准提取, 结果=output/医脉通】2020+ESC指南：非持续性ST段抬高型急性冠脉综合征的管理/医脉通】2020+ESC指南：非持续性ST段抬高型急性冠脉综合征的管理_18.md
2026-05-31 13:35:39,420 [INFO] extraction_service - 
==================================================
2026-05-31 13:35:39,420 [INFO] extraction_service - [ce8a4869-527a-4951-ae88-e3be67acf469] 开始处理第 21 页: 【医脉通】2020+ESC指南：非持续性ST段抬高型急性冠脉综合征的管理_21.png
2026-05-31 13:35:40,992 [WARNING] extraction_service - [f542a10b-f0f7-47cf-8590-edc9def33500] 校验发现问题，启动定向重提: 遗漏了右下栏的跨页延续段落（3.4节末尾关于Takotsubo syndrome的未完成句子及后续内容），需确保双栏结构中右栏底部内容完整提取至页面物理边界
2026-05-31 13:35:43,204 [INFO] extraction_service - [8c6a6ee3-5382-4cca-a3b6-d62e8d6472f5] 定向重提完成
2026-05-31 13:35:51,860 [WARNING] extraction_service - [200d0171-bd6d-4d11-a921-2bebdf835260] 校验发现问题，启动定向重提: 遗漏中央下方独立风险分层表格，需以标准Markdown表格形式补全；流程图YAML中不应嵌入表格内容，应分离处理。
2026-05-31 13:35:54,078 [INFO] extraction_service - [6958741e-9456-4616-854f-2c776ce442e0] 定向重提完成
2026-05-31 13:35:57,105 [WARNING] extraction_service - [8c6a6ee3-5382-4cca-a3b6-d62e8d6472f5] 重提后仍有问题: 右栏末尾段落内容遗漏（‘These have been’后未提取完整句子），需补全至页面实际结尾；同时确保Table 4脚注格式规范、章节间有明确分隔。
2026-05-31 13:35:57,105 [WARNING] extraction_service - [8c6a6ee3-5382-4cca-a3b6-d62e8d6472f5] 已生成复核指引: output/医脉通】2020+ESC指南：非持续性ST段抬高型急性冠脉综合征的管理/医脉通】2020+ESC指南：非持续性ST段抬高型急性冠脉综合征的管理_13_review.md
2026-05-31 13:35:57,105 [INFO] extraction_service - [8c6a6ee3-5382-4cca-a3b6-d62e8d6472f5] 完成! 耗时 119.81s, 策略=标准提取, 结果=output/医脉通】2020+ESC指南：非持续性ST段抬高型急性冠脉综合征的管理/医脉通】2020+ESC指南：非持续性ST段抬高型急性冠脉综合征的管理_13.md
2026-05-31 13:35:57,105 [INFO] extraction_service - 
==================================================
2026-05-31 13:35:57,105 [INFO] extraction_service - [f71f5469-1d73-44fd-ab5f-1e24be6c71e7] 开始处理第 22 页: 【医脉通】2020+ESC指南：非持续性ST段抬高型急性冠脉综合征的管理_22.png
2026-05-31 13:36:11,476 [INFO] extraction_service - [58229578-65f9-455c-9e8e-a91cc3014c8f] 定向重提完成
2026-05-31 13:36:12,156 [WARNING] extraction_service - [6958741e-9456-4616-854f-2c776ce442e0] 重提后仍有问题: 补全表格中缺失的'TBD'值、完整提取表格下方注释（含'TBD = to be determined'定义）、确认并提取右栏底部截断处后续内容、删除页脚网址
2026-05-31 13:36:12,156 [WARNING] extraction_service - [6958741e-9456-4616-854f-2c776ce442e0] 已生成复核指引: output/医脉通】2020+ESC指南：非持续性ST段抬高型急性冠脉综合征的管理/医脉通】2020+ESC指南：非持续性ST段抬高型急性冠脉综合征的管理_15_review.md
2026-05-31 13:36:12,156 [INFO] extraction_service - [6958741e-9456-4616-854f-2c776ce442e0] 完成! 耗时 127.62s, 策略=标准提取, 结果=output/医脉通】2020+ESC指南：非持续性ST段抬高型急性冠脉综合征的管理/医脉通】2020+ESC指南：非持续性ST段抬高型急性冠脉综合征的管理_15.md
2026-05-31 13:36:12,157 [INFO] extraction_service - 
==================================================
2026-05-31 13:36:12,157 [INFO] extraction_service - [0b4abe74-9691-44c2-af18-0fd1d280e491] 开始处理第 23 页: 【医脉通】2020+ESC指南：非持续性ST段抬高型急性冠脉综合征的管理_23.png
2026-05-31 13:36:27,995 [INFO] extraction_service - [f542a10b-f0f7-47cf-8590-edc9def33500] 定向重提完成
2026-05-31 13:36:29,803 [WARNING] extraction_service - [58229578-65f9-455c-9e8e-a91cc3014c8f] 重提后仍有问题: 必须还原原始表格结构（含合并单元格与箭头连线），并严格按双栏顺序分离左下与右下段落，不得用YAML流程图替代真实表格
2026-05-31 13:36:29,804 [WARNING] extraction_service - [58229578-65f9-455c-9e8e-a91cc3014c8f] 已生成复核指引: output/医脉通】2020+ESC指南：非持续性ST段抬高型急性冠脉综合征的管理/医脉通】2020+ESC指南：非持续性ST段抬高型急性冠脉综合征的管理_11_review.md
2026-05-31 13:36:29,804 [INFO] extraction_service - [58229578-65f9-455c-9e8e-a91cc3014c8f] 完成! 耗时 183.88s, 策略=标准提取, 结果=output/医脉通】2020+ESC指南：非持续性ST段抬高型急性冠脉综合征的管理/医脉通】2020+ESC指南：非持续性ST段抬高型急性冠脉综合征的管理_11.md
2026-05-31 13:36:29,804 [INFO] extraction_service - 
==================================================
2026-05-31 13:36:29,805 [INFO] extraction_service - [48c0caa8-86e1-48fe-8993-3ab11158327e] 开始处理第 24 页: 【医脉通】2020+ESC指南：非持续性ST段抬高型急性冠脉综合征的管理_24.png
2026-05-31 13:36:38,729 [WARNING] extraction_service - [d46279d4-6a0c-4594-94de-c5168babb2c0] 校验发现问题，启动定向重提: 需严格按双栏顺序输出：先完整左栏（含表格及其正下方脚注），再右栏（4.1–4.3节）；表格必须以Markdown表格形式还原，不可扁平化；删除页脚URL。
2026-05-31 13:36:41,634 [INFO] extraction_service - [f542a10b-f0f7-47cf-8590-edc9def33500] 完成! 耗时 125.70s, 策略=标准提取, 结果=output/医脉通】2020+ESC指南：非持续性ST段抬高型急性冠脉综合征的管理/医脉通】2020+ESC指南：非持续性ST段抬高型急性冠脉综合征的管理_17.md
2026-05-31 13:36:41,635 [INFO] extraction_service - 
==================================================
2026-05-31 13:36:41,635 [INFO] extraction_service - [12d0b468-6508-48f3-a2b4-36078a7eb34c] 开始处理第 25 页: 【医脉通】2020+ESC指南：非持续性ST段抬高型急性冠脉综合征的管理_25.png
2026-05-31 13:36:41,907 [INFO] extraction_service - [200d0171-bd6d-4d11-a921-2bebdf835260] 定向重提完成
2026-05-31 13:36:42,660 [INFO] extraction_service - [ce8a4869-527a-4951-ae88-e3be67acf469] 完成! 耗时 63.24s, 策略=标准提取, 结果=output/医脉通】2020+ESC指南：非持续性ST段抬高型急性冠脉综合征的管理/医脉通】2020+ESC指南：非持续性ST段抬高型急性冠脉综合征的管理_21.md
2026-05-31 13:36:42,660 [INFO] extraction_service - 
==================================================
2026-05-31 13:36:42,660 [INFO] extraction_service - [f8d99aea-19da-48ac-b298-d42469dc4c2c] 开始处理第 26 页: 【医脉通】2020+ESC指南：非持续性ST段抬高型急性冠脉综合征的管理_26.png
2026-05-31 13:36:44,651 [WARNING] extraction_service - [8bc69c1d-b553-4d19-a27e-bf39407812d2] 校验发现问题，启动定向重提: 需删除页脚网址'http://guide.medlive.cn/'，并修正表格脚注格式使其明确归属表格、确保引用编号标点准确
2026-05-31 13:37:06,231 [WARNING] extraction_service - [200d0171-bd6d-4d11-a921-2bebdf835260] 重提后仍有问题: 流程图结构严重失真：Rule-out节点重复定义且缺失Clinical assessment中间环节；需严格按图重建YAML节点与边关系，并补全表格下方缩写注释，删除页脚网址。
2026-05-31 13:37:06,232 [WARNING] extraction_service - [200d0171-bd6d-4d11-a921-2bebdf835260] 已生成复核指引: output/医脉通】2020+ESC指南：非持续性ST段抬高型急性冠脉综合征的管理/医脉通】2020+ESC指南：非持续性ST段抬高型急性冠脉综合征的管理_16_review.md
2026-05-31 13:37:06,232 [INFO] extraction_service - [200d0171-bd6d-4d11-a921-2bebdf835260] 完成! 耗时 154.75s, 策略=标准提取, 结果=output/医脉通】2020+ESC指南：非持续性ST段抬高型急性冠脉综合征的管理/医脉通】2020+ESC指南：非持续性ST段抬高型急性冠脉综合征的管理_16.md
2026-05-31 13:37:06,233 [INFO] extraction_service - 
==================================================
2026-05-31 13:37:06,233 [INFO] extraction_service - [b41efa87-1044-4a8c-b8c9-4fc1f03f3da2] 开始处理第 27 页: 【医脉通】2020+ESC指南：非持续性ST段抬高型急性冠脉综合征的管理_27.png
2026-05-31 13:37:17,736 [INFO] extraction_service - [0b4abe74-9691-44c2-af18-0fd1d280e491] 完成! 耗时 65.58s, 策略=标准提取, 结果=output/医脉通】2020+ESC指南：非持续性ST段抬高型急性冠脉综合征的管理/医脉通】2020+ESC指南：非持续性ST段抬高型急性冠脉综合征的管理_23.md
2026-05-31 13:37:17,737 [INFO] extraction_service - 
==================================================
2026-05-31 13:37:17,737 [INFO] extraction_service - [910e6cd6-20ab-45b4-a393-1470331373dd] 开始处理第 28 页: 【医脉通】2020+ESC指南：非持续性ST段抬高型急性冠脉综合征的管理_28.png
2026-05-31 13:37:21,771 [INFO] extraction_service - [d46279d4-6a0c-4594-94de-c5168babb2c0] 定向重提完成
2026-05-31 13:37:23,286 [INFO] extraction_service - [8bc69c1d-b553-4d19-a27e-bf39407812d2] 定向重提完成
2026-05-31 13:37:28,587 [WARNING] extraction_service - [f71f5469-1d73-44fd-ab5f-1e24be6c71e7] 校验发现问题，启动定向重提: 修正图5风险轴的非节点化表示并删除补全描述；重构图6药理通路边关系，确保DAPT作为中间节点正确连接TxA₂/ADP与GPIIb/IIIa激活，并补充Abciximab‘已停供’的临床提示
2026-05-31 13:37:38,114 [WARNING] extraction_service - [d46279d4-6a0c-4594-94de-c5168babb2c0] 重提后仍有问题: 遗漏右栏顶部Biomarkers节延续段落，且表格下方注释被错误归类至章节末尾，破坏双栏顺序与表格完整性
2026-05-31 13:37:38,115 [WARNING] extraction_service - [d46279d4-6a0c-4594-94de-c5168babb2c0] 已生成复核指引: output/医脉通】2020+ESC指南：非持续性ST段抬高型急性冠脉综合征的管理/医脉通】2020+ESC指南：非持续性ST段抬高型急性冠脉综合征的管理_19_review.md
2026-05-31 13:37:38,115 [INFO] extraction_service - [d46279d4-6a0c-4594-94de-c5168babb2c0] 完成! 耗时 127.94s, 策略=标准提取, 结果=output/医脉通】2020+ESC指南：非持续性ST段抬高型急性冠脉综合征的管理/医脉通】2020+ESC指南：非持续性ST段抬高型急性冠脉综合征的管理_19.md
2026-05-31 13:37:38,116 [INFO] extraction_service - 
==================================================
2026-05-31 13:37:38,116 [INFO] extraction_service - [5b6d5fef-2e53-4509-94f6-c07931bcccf9] 开始处理第 29 页: 【医脉通】2020+ESC指南：非持续性ST段抬高型急性冠脉综合征的管理_29.png
2026-05-31 13:37:39,535 [WARNING] extraction_service - [48c0caa8-86e1-48fe-8993-3ab11158327e] 校验发现问题，启动定向重提: 需严格按双栏结构分离左栏（表格+左下段落）与右栏内容，并将表格脚注正确关联至表格下方、去除所有参考文献上标；同时确认页面顶部截断句是否应保留原貌而不作段落起始处理。
2026-05-31 13:37:41,838 [WARNING] extraction_service - [8bc69c1d-b553-4d19-a27e-bf39407812d2] 重提后仍有问题: 遗漏表格下方完整脚注段落；右栏顶部跨栏标题与正文被错误插入左栏输出流，破坏双栏顺序；需删除所有参考文献上标并规范表格分组标题层级
2026-05-31 13:37:41,838 [WARNING] extraction_service - [8bc69c1d-b553-4d19-a27e-bf39407812d2] 已生成复核指引: output/医脉通】2020+ESC指南：非持续性ST段抬高型急性冠脉综合征的管理/医脉通】2020+ESC指南：非持续性ST段抬高型急性冠脉综合征的管理_20_review.md
2026-05-31 13:37:41,838 [INFO] extraction_service - [8bc69c1d-b553-4d19-a27e-bf39407812d2] 完成! 耗时 124.53s, 策略=标准提取, 结果=output/医脉通】2020+ESC指南：非持续性ST段抬高型急性冠脉综合征的管理/医脉通】2020+ESC指南：非持续性ST段抬高型急性冠脉综合征的管理_20.md
2026-05-31 13:37:41,839 [INFO] extraction_service - 
==================================================
2026-05-31 13:37:41,839 [INFO] extraction_service - [7d291136-6ce0-4f81-a4ee-87a7499305b3] 开始处理第 30 页: 【医脉通】2020+ESC指南：非持续性ST段抬高型急性冠脉综合征的管理_30.png
2026-05-31 13:37:48,965 [WARNING] extraction_service - [f8d99aea-19da-48ac-b298-d42469dc4c2c] 校验发现问题，启动定向重提: 需修正页面末尾截断处理（保持原文不完整状态）、将表格下方注释正确归位为表格附属内容、删除页脚URL，并核查Figure 6/Table 8引用是否为跨页引用（若非则应删除）
2026-05-31 13:38:14,754 [INFO] extraction_service - [48c0caa8-86e1-48fe-8993-3ab11158327e] 定向重提完成
2026-05-31 13:38:17,261 [WARNING] extraction_service - [12d0b468-6508-48f3-a2b4-36078a7eb34c] 校验发现问题，启动定向重提: 需重点修正YAML中DAPT定义错误、补充脚注上标关联及临床限制条件，并恢复图注中Table 9引用与online超链接格式
2026-05-31 13:38:17,994 [INFO] extraction_service - [b41efa87-1044-4a8c-b8c9-4fc1f03f3da2] 完成! 耗时 71.76s, 策略=标准提取, 结果=output/医脉通】2020+ESC指南：非持续性ST段抬高型急性冠脉综合征的管理/医脉通】2020+ESC指南：非持续性ST段抬高型急性冠脉综合征的管理_27.md
2026-05-31 13:38:17,994 [INFO] extraction_service - 
==================================================
2026-05-31 13:38:17,994 [INFO] extraction_service - [f5d6160e-ae2a-4ab2-88e5-9643bd98a849] 开始处理第 31 页: 【医脉通】2020+ESC指南：非持续性ST段抬高型急性冠脉综合征的管理_31.png
2026-05-31 13:38:23,398 [WARNING] extraction_service - [910e6cd6-20ab-45b4-a393-1470331373dd] 校验发现问题，启动定向重提: 遗漏了Table 10的脚注归属标识、右下角页脚URL未删除、左下段落被非自然截断导致内容不完整，需重点修复内容完整性与过滤规范。
2026-05-31 13:38:28,607 [WARNING] extraction_service - [48c0caa8-86e1-48fe-8993-3ab11158327e] 重提后仍有问题: 需严格按双栏顺序：先完整输出左栏内容（含Table 9、其下方注释、左栏段落及5.1.1.2标题与左栏延续内容），再输出右栏段落；确保表格注释紧贴表格下方且不混入正文起始位置
2026-05-31 13:38:28,608 [WARNING] extraction_service - [48c0caa8-86e1-48fe-8993-3ab11158327e] 已生成复核指引: output/医脉通】2020+ESC指南：非持续性ST段抬高型急性冠脉综合征的管理/医脉通】2020+ESC指南：非持续性ST段抬高型急性冠脉综合征的管理_24_review.md
2026-05-31 13:38:28,608 [INFO] extraction_service - [48c0caa8-86e1-48fe-8993-3ab11158327e] 完成! 耗时 118.80s, 策略=标准提取, 结果=output/医脉通】2020+ESC指南：非持续性ST段抬高型急性冠脉综合征的管理/医脉通】2020+ESC指南：非持续性ST段抬高型急性冠脉综合征的管理_24.md
2026-05-31 13:38:28,608 [INFO] extraction_service - 
==================================================
2026-05-31 13:38:28,608 [INFO] extraction_service - [7dec2c17-4853-4949-938e-149c3124702a] 开始处理第 32 页: 【医脉通】2020+ESC指南：非持续性ST段抬高型急性冠脉综合征的管理_32.png
2026-05-31 13:38:30,494 [INFO] extraction_service - [f71f5469-1d73-44fd-ab5f-1e24be6c71e7] 定向重提完成
2026-05-31 13:38:36,736 [INFO] extraction_service - [f8d99aea-19da-48ac-b298-d42469dc4c2c] 定向重提完成
2026-05-31 13:38:49,972 [WARNING] extraction_service - [5b6d5fef-2e53-4509-94f6-c07931bcccf9] 校验发现问题，启动定向重提: 遗漏了表格下方的脚注说明段落（含缩写定义与上标注释），需补充提取；同时修正表格中合并标题行的格式，避免空单元格表示合并。
2026-05-31 13:38:54,075 [INFO] extraction_service - [7d291136-6ce0-4f81-a4ee-87a7499305b3] 完成! 耗时 72.24s, 策略=标准提取, 结果=output/医脉通】2020+ESC指南：非持续性ST段抬高型急性冠脉综合征的管理/医脉通】2020+ESC指南：非持续性ST段抬高型急性冠脉综合征的管理_30.md
2026-05-31 13:38:54,075 [INFO] extraction_service - 
==================================================
2026-05-31 13:38:54,075 [INFO] extraction_service - [5df71d12-def3-43b2-b72e-13d00cb82bdd] 开始处理第 33 页: 【医脉通】2020+ESC指南：非持续性ST段抬高型急性冠脉综合征的管理_33.png
2026-05-31 13:38:57,021 [WARNING] extraction_service - [f8d99aea-19da-48ac-b298-d42469dc4c2c] 重提后仍有问题: 需修正页面末尾截断处理（保持原文不完整状态）、彻底删除页脚网址'http://guide.medlive.cn/'，并恢复表格下方注释与正文段落的空间结构分离
2026-05-31 13:38:57,022 [WARNING] extraction_service - [f8d99aea-19da-48ac-b298-d42469dc4c2c] 已生成复核指引: output/医脉通】2020+ESC指南：非持续性ST段抬高型急性冠脉综合征的管理/医脉通】2020+ESC指南：非持续性ST段抬高型急性冠脉综合征的管理_26_review.md
2026-05-31 13:38:57,022 [INFO] extraction_service - [f8d99aea-19da-48ac-b298-d42469dc4c2c] 完成! 耗时 134.36s, 策略=标准提取, 结果=output/医脉通】2020+ESC指南：非持续性ST段抬高型急性冠脉综合征的管理/医脉通】2020+ESC指南：非持续性ST段抬高型急性冠脉综合征的管理_26.md
2026-05-31 13:38:57,022 [INFO] extraction_service - 
==================================================
2026-05-31 13:38:57,022 [INFO] extraction_service - [17393e81-ab18-4e5e-b435-319c13ab882f] 开始处理第 34 页: 【医脉通】2020+ESC指南：非持续性ST段抬高型急性冠脉综合征的管理_34.png
2026-05-31 13:38:59,262 [WARNING] extraction_service - [f71f5469-1d73-44fd-ab5f-1e24be6c71e7] 重提后仍有问题: 遗漏图6流程图中的关键中间节点'FXa'（id: fxa），导致多条边悬空，需补全该节点并确保所有edges指向已定义节点
2026-05-31 13:38:59,263 [WARNING] extraction_service - [f71f5469-1d73-44fd-ab5f-1e24be6c71e7] 已生成复核指引: output/医脉通】2020+ESC指南：非持续性ST段抬高型急性冠脉综合征的管理/医脉通】2020+ESC指南：非持续性ST段抬高型急性冠脉综合征的管理_22_review.md
2026-05-31 13:38:59,263 [INFO] extraction_service - [f71f5469-1d73-44fd-ab5f-1e24be6c71e7] 完成! 耗时 182.16s, 策略=标准提取, 结果=output/医脉通】2020+ESC指南：非持续性ST段抬高型急性冠脉综合征的管理/医脉通】2020+ESC指南：非持续性ST段抬高型急性冠脉综合征的管理_22.md
2026-05-31 13:38:59,263 [INFO] extraction_service - 
==================================================
2026-05-31 13:38:59,264 [INFO] extraction_service - [527fc2bc-f774-4b7a-a087-5b8e955c644e] 开始处理第 35 页: 【医脉通】2020+ESC指南：非持续性ST段抬高型急性冠脉综合征的管理_35.png
2026-05-31 13:39:03,209 [INFO] extraction_service - [910e6cd6-20ab-45b4-a393-1470331373dd] 定向重提完成
2026-05-31 13:39:23,440 [INFO] extraction_service - [12d0b468-6508-48f3-a2b4-36078a7eb34c] 定向重提完成
2026-05-31 13:39:28,098 [WARNING] extraction_service - [910e6cd6-20ab-45b4-a393-1470331373dd] 重提后仍有问题: 需重点修正：1）Table 10下方脚注应作为表格附属内容完整提取并标注'注：'；2）右下角段落存在排版错位与不当截断，须按原图空间布局还原并避免补全；3）Table 11的分组标题结构需重构以反映原表层级关系
2026-05-31 13:39:28,099 [WARNING] extraction_service - [910e6cd6-20ab-45b4-a393-1470331373dd] 已生成复核指引: output/医脉通】2020+ESC指南：非持续性ST段抬高型急性冠脉综合征的管理/医脉通】2020+ESC指南：非持续性ST段抬高型急性冠脉综合征的管理_28_review.md
2026-05-31 13:39:28,099 [INFO] extraction_service - [910e6cd6-20ab-45b4-a393-1470331373dd] 完成! 耗时 130.36s, 策略=标准提取, 结果=output/医脉通】2020+ESC指南：非持续性ST段抬高型急性冠脉综合征的管理/医脉通】2020+ESC指南：非持续性ST段抬高型急性冠脉综合征的管理_28.md
2026-05-31 13:39:28,099 [INFO] extraction_service - 
==================================================
2026-05-31 13:39:28,099 [INFO] extraction_service - [a34fc704-271d-48ec-9c25-3b11f50f0b56] 开始处理第 36 页: 【医脉通】2020+ESC指南：非持续性ST段抬高型急性冠脉综合征的管理_36.png
2026-05-31 13:39:31,734 [INFO] extraction_service - [f5d6160e-ae2a-4ab2-88e5-9643bd98a849] 完成! 耗时 73.74s, 策略=标准提取, 结果=output/医脉通】2020+ESC指南：非持续性ST段抬高型急性冠脉综合征的管理/医脉通】2020+ESC指南：非持续性ST段抬高型急性冠脉综合征的管理_31.md
2026-05-31 13:39:31,734 [INFO] extraction_service - 
==================================================
2026-05-31 13:39:31,734 [INFO] extraction_service - [d371bcb9-e199-4e96-b91a-e836f4920cbd] 开始处理第 37 页: 【医脉通】2020+ESC指南：非持续性ST段抬高型急性冠脉综合征的管理_37.png
2026-05-31 13:39:33,567 [INFO] extraction_service - [5b6d5fef-2e53-4509-94f6-c07931bcccf9] 定向重提完成
2026-05-31 13:39:43,058 [WARNING] extraction_service - [17393e81-ab18-4e5e-b435-319c13ab882f] 校验发现问题，启动定向重提: 需严格按双栏顺序：先完整输出左栏5.4节全部子项（至5.4.9），再输出右栏6节全部内容（6 → 6.1 → 6.1.1及要点），并确保表格下方脚注以独立段落形式完整保留原标注格式。
2026-05-31 13:39:43,939 [WARNING] extraction_service - [5b6d5fef-2e53-4509-94f6-c07931bcccf9] 重提后仍有问题: 遗漏了表格下方的注释段落（含缩写定义与上标说明），需补充提取
2026-05-31 13:39:43,940 [WARNING] extraction_service - [5b6d5fef-2e53-4509-94f6-c07931bcccf9] 已生成复核指引: output/医脉通】2020+ESC指南：非持续性ST段抬高型急性冠脉综合征的管理/医脉通】2020+ESC指南：非持续性ST段抬高型急性冠脉综合征的管理_29_review.md
2026-05-31 13:39:43,940 [INFO] extraction_service - [5b6d5fef-2e53-4509-94f6-c07931bcccf9] 完成! 耗时 125.82s, 策略=标准提取, 结果=output/医脉通】2020+ESC指南：非持续性ST段抬高型急性冠脉综合征的管理/医脉通】2020+ESC指南：非持续性ST段抬高型急性冠脉综合征的管理_29.md
2026-05-31 13:39:43,940 [INFO] extraction_service - 
==================================================
2026-05-31 13:39:43,940 [INFO] extraction_service - [ee4776b4-504c-4f8f-8fa6-48a471d8c498] 开始处理第 38 页: 【医脉通】2020+ESC指南：非持续性ST段抬高型急性冠脉综合征的管理_38.png
2026-05-31 13:39:51,095 [WARNING] extraction_service - [12d0b468-6508-48f3-a2b4-36078a7eb34c] 重提后仍有问题: 需重点修正：1）YAML中low_risk_alt_>12m节点药物组合错误（多出A）；2）遗漏脚注ᵃ和ᵇ与对应节点的关联；3）DAPT定义在legend中被不当扩展；4）页脚网址未删除。
2026-05-31 13:39:51,096 [WARNING] extraction_service - [12d0b468-6508-48f3-a2b4-36078a7eb34c] 已生成复核指引: output/医脉通】2020+ESC指南：非持续性ST段抬高型急性冠脉综合征的管理/医脉通】2020+ESC指南：非持续性ST段抬高型急性冠脉综合征的管理_25_review.md
2026-05-31 13:39:51,096 [INFO] extraction_service - [12d0b468-6508-48f3-a2b4-36078a7eb34c] 完成! 耗时 189.46s, 策略=标准提取, 结果=output/医脉通】2020+ESC指南：非持续性ST段抬高型急性冠脉综合征的管理/医脉通】2020+ESC指南：非持续性ST段抬高型急性冠脉综合征的管理_25.md
2026-05-31 13:39:51,096 [INFO] extraction_service - 
==================================================
2026-05-31 13:39:51,096 [INFO] extraction_service - [5646c27b-fb68-4c2a-9ff7-e93131db1ec9] 开始处理第 39 页: 【医脉通】2020+ESC指南：非持续性ST段抬高型急性冠脉综合征的管理_39.png
2026-05-31 13:39:58,123 [WARNING] extraction_service - [5df71d12-def3-43b2-b72e-13d00cb82bdd] 校验发现问题，启动定向重提: 需将原单表格按原始结构完整保留（含合并单元格与章节标题行），确保表格数量为1且脚注紧随其后；同时删除页脚URL。
2026-05-31 13:40:08,489 [INFO] extraction_service - [17393e81-ab18-4e5e-b435-319c13ab882f] 定向重提完成
2026-05-31 13:40:12,664 [WARNING] extraction_service - [7dec2c17-4853-4949-938e-149c3124702a] 校验发现问题，启动定向重提: 需严格保留原文截断状态（不补全）、删除页脚URL、按双栏分离左右内容块、修正流程图YAML中节点关系为并列结构而非链式递进
2026-05-31 13:40:24,426 [INFO] extraction_service - [17393e81-ab18-4e5e-b435-319c13ab882f] 完成! 耗时 87.40s, 策略=标准提取, 结果=output/医脉通】2020+ESC指南：非持续性ST段抬高型急性冠脉综合征的管理/医脉通】2020+ESC指南：非持续性ST段抬高型急性冠脉综合征的管理_34.md
2026-05-31 13:40:24,426 [INFO] extraction_service - 
==================================================
2026-05-31 13:40:24,427 [INFO] extraction_service - [8ccf82dd-f1db-4ec4-a74c-9095ef532043] 开始处理第 40 页: 【医脉通】2020+ESC指南：非持续性ST段抬高型急性冠脉综合征的管理_40.png
2026-05-31 13:40:30,043 [WARNING] extraction_service - [527fc2bc-f774-4b7a-a087-5b8e955c644e] 校验发现问题，启动定向重提: 严格按双栏顺序（先左栏全部内容：左上段落→流程图→左下表格；再右栏全部内容：右上段落→右下注释），修正流程图YAML结构，去除将风险定义框误建模为流程节点的错误连接，并确保左上两个项目符号段落作为首个内容块正确前置。
2026-05-31 13:40:43,314 [INFO] extraction_service - [5df71d12-def3-43b2-b72e-13d00cb82bdd] 定向重提完成
2026-05-31 13:40:52,121 [INFO] extraction_service - [a34fc704-271d-48ec-9c25-3b11f50f0b56] 完成! 耗时 84.02s, 策略=标准提取, 结果=output/医脉通】2020+ESC指南：非持续性ST段抬高型急性冠脉综合征的管理/医脉通】2020+ESC指南：非持续性ST段抬高型急性冠脉综合征的管理_36.md
2026-05-31 13:40:52,122 [INFO] extraction_service - 
==================================================
2026-05-31 13:40:52,122 [INFO] extraction_service - [87543ed8-ef2b-454b-a583-9c65e23ca131] 开始处理第 41 页: 【医脉通】2020+ESC指南：非持续性ST段抬高型急性冠脉综合征的管理_41.png
2026-05-31 13:40:53,887 [INFO] extraction_service - [d371bcb9-e199-4e96-b91a-e836f4920cbd] 完成! 耗时 82.15s, 策略=标准提取, 结果=output/医脉通】2020+ESC指南：非持续性ST段抬高型急性冠脉综合征的管理/医脉通】2020+ESC指南：非持续性ST段抬高型急性冠脉综合征的管理_37.md
2026-05-31 13:40:53,887 [INFO] extraction_service - 
==================================================
2026-05-31 13:40:53,887 [INFO] extraction_service - [1e3948db-0a94-4627-850f-91d3895c067c] 开始处理第 42 页: 【医脉通】2020+ESC指南：非持续性ST段抬高型急性冠脉综合征的管理_42.png
2026-05-31 13:40:55,715 [WARNING] extraction_service - [5df71d12-def3-43b2-b72e-13d00cb82bdd] 重提后仍有问题: 遗漏了表格下方的缩写定义及证据等级说明脚注段落，且表格内多级标题结构未正确分层表达
2026-05-31 13:40:55,716 [WARNING] extraction_service - [5df71d12-def3-43b2-b72e-13d00cb82bdd] 已生成复核指引: output/医脉通】2020+ESC指南：非持续性ST段抬高型急性冠脉综合征的管理/医脉通】2020+ESC指南：非持续性ST段抬高型急性冠脉综合征的管理_33_review.md
2026-05-31 13:40:55,716 [INFO] extraction_service - [5df71d12-def3-43b2-b72e-13d00cb82bdd] 完成! 耗时 121.64s, 策略=标准提取, 结果=output/医脉通】2020+ESC指南：非持续性ST段抬高型急性冠脉综合征的管理/医脉通】2020+ESC指南：非持续性ST段抬高型急性冠脉综合征的管理_33.md
2026-05-31 13:40:55,716 [INFO] extraction_service - 
==================================================
2026-05-31 13:40:55,716 [INFO] extraction_service - [2dbde8df-a964-4775-bc29-1d5b31dfd296] 开始处理第 43 页: 【医脉通】2020+ESC指南：非持续性ST段抬高型急性冠脉综合征的管理_43.png
2026-05-31 13:40:59,425 [WARNING] extraction_service - [5646c27b-fb68-4c2a-9ff7-e93131db1ec9] 校验发现问题，启动定向重提: 严格按双栏顺序输出：左栏全部内容（含6.3.1–6.3.3）完成后，再输出右栏全部内容（含右上段落、6.4、6.5节）；同时删除页脚URL，并在原文截断处明确标注截断状态（如加'...'）
2026-05-31 13:41:01,823 [WARNING] extraction_service - [ee4776b4-504c-4f8f-8fa6-48a471d8c498] 校验发现问题，启动定向重提: 严格按双栏顺序（先左栏全部内容，再右栏全部内容）重组结构，确保右栏顶部延续段落不被插入左栏末尾；保留原文截断状态（末尾不补全），并清理所有参考文献上标
2026-05-31 13:41:16,403 [WARNING] extraction_service - [8ccf82dd-f1db-4ec4-a74c-9095ef532043] 校验发现问题，启动定向重提: 遗漏左上角第一段正文内容，且右栏顶部跨页延续段落未置于提取结果最前端，违反双栏排版顺序与跨页延续处理规则
2026-05-31 13:41:16,458 [INFO] extraction_service - [527fc2bc-f774-4b7a-a087-5b8e955c644e] 定向重提完成
2026-05-31 13:41:26,509 [INFO] extraction_service - [7dec2c17-4853-4949-938e-149c3124702a] 定向重提完成
2026-05-31 13:41:36,169 [WARNING] extraction_service - [527fc2bc-f774-4b7a-a087-5b8e955c644e] 重提后仍有问题: 遗漏左下角表格及其下方注释；双栏排版顺序错误（右栏6.1.2.2段落被错误前置）；流程图YAML未包含风险定义栏的结构化数据
2026-05-31 13:41:36,170 [WARNING] extraction_service - [527fc2bc-f774-4b7a-a087-5b8e955c644e] 已生成复核指引: output/医脉通】2020+ESC指南：非持续性ST段抬高型急性冠脉综合征的管理/医脉通】2020+ESC指南：非持续性ST段抬高型急性冠脉综合征的管理_35_review.md
2026-05-31 13:41:36,170 [INFO] extraction_service - [527fc2bc-f774-4b7a-a087-5b8e955c644e] 完成! 耗时 156.91s, 策略=标准提取, 结果=output/医脉通】2020+ESC指南：非持续性ST段抬高型急性冠脉综合征的管理/医脉通】2020+ESC指南：非持续性ST段抬高型急性冠脉综合征的管理_35.md
2026-05-31 13:41:36,170 [INFO] extraction_service - 
==================================================
2026-05-31 13:41:36,170 [INFO] extraction_service - [8992529b-f0e9-4278-ae92-8d27b4e38ecf] 开始处理第 44 页: 【医脉通】2020+ESC指南：非持续性ST段抬高型急性冠脉综合征的管理_44.png
2026-05-31 13:41:46,645 [WARNING] extraction_service - [7dec2c17-4853-4949-938e-149c3124702a] 重提后仍有问题: 遗漏右栏底部完整段落（5.3.2节末句），且双栏顺序混乱、左栏末段与右栏标题未分隔；同时修正YAML中推荐等级文字缺失及图注冗余信息。
2026-05-31 13:41:46,647 [WARNING] extraction_service - [7dec2c17-4853-4949-938e-149c3124702a] 已生成复核指引: output/医脉通】2020+ESC指南：非持续性ST段抬高型急性冠脉综合征的管理/医脉通】2020+ESC指南：非持续性ST段抬高型急性冠脉综合征的管理_32_review.md
2026-05-31 13:41:46,647 [INFO] extraction_service - [7dec2c17-4853-4949-938e-149c3124702a] 完成! 耗时 198.04s, 策略=标准提取, 结果=output/医脉通】2020+ESC指南：非持续性ST段抬高型急性冠脉综合征的管理/医脉通】2020+ESC指南：非持续性ST段抬高型急性冠脉综合征的管理_32.md
2026-05-31 13:41:46,648 [INFO] extraction_service - 
==================================================
2026-05-31 13:41:46,648 [INFO] extraction_service - [b0c60bcd-03ce-41f8-97a5-4ce9310ea11e] 开始处理第 45 页: 【医脉通】2020+ESC指南：非持续性ST段抬高型急性冠脉综合征的管理_45.png
2026-05-31 13:41:46,691 [INFO] extraction_service - [5646c27b-fb68-4c2a-9ff7-e93131db1ec9] 定向重提完成
2026-05-31 13:41:47,804 [INFO] extraction_service - [ee4776b4-504c-4f8f-8fa6-48a471d8c498] 定向重提完成
2026-05-31 13:41:55,885 [WARNING] extraction_service - [1e3948db-0a94-4627-850f-91d3895c067c] 校验发现问题，启动定向重提: 需严格区分双栏结构：左栏含表格+其下方注释+左下段落；右栏仅含右下段落；同时删除页脚URL并补全Figure 12图注
2026-05-31 13:41:57,181 [INFO] extraction_service - [8ccf82dd-f1db-4ec4-a74c-9095ef532043] 定向重提完成
2026-05-31 13:42:04,333 [WARNING] extraction_service - [5646c27b-fb68-4c2a-9ff7-e93131db1ec9] 重提后仍有问题: 修正原文截断处处理方式（禁止添加省略号）、更正引用编号³⁵为³⁴⁵，并确保跨页延续段落的连贯性表达
2026-05-31 13:42:04,333 [WARNING] extraction_service - [5646c27b-fb68-4c2a-9ff7-e93131db1ec9] 已生成复核指引: output/医脉通】2020+ESC指南：非持续性ST段抬高型急性冠脉综合征的管理/医脉通】2020+ESC指南：非持续性ST段抬高型急性冠脉综合征的管理_39_review.md
2026-05-31 13:42:04,333 [INFO] extraction_service - [5646c27b-fb68-4c2a-9ff7-e93131db1ec9] 完成! 耗时 133.24s, 策略=标准提取, 结果=output/医脉通】2020+ESC指南：非持续性ST段抬高型急性冠脉综合征的管理/医脉通】2020+ESC指南：非持续性ST段抬高型急性冠脉综合征的管理_39.md
2026-05-31 13:42:04,333 [INFO] extraction_service - 
==================================================
2026-05-31 13:42:04,333 [INFO] extraction_service - [bdb84c05-a24e-48dd-9523-d7bc80884f54] 开始处理第 46 页: 【医脉通】2020+ESC指南：非持续性ST段抬高型急性冠脉综合征的管理_46.png
2026-05-31 13:42:05,755 [WARNING] extraction_service - [2dbde8df-a964-4775-bc29-1d5b31dfd296] 校验发现问题，启动定向重提: 流程图中 LV Functional Assessment 层级节点为空、以及 Consider clinical context 节点缺少通往主诊断路径的边连接，需修正流程逻辑完整性
2026-05-31 13:42:08,360 [WARNING] extraction_service - [ee4776b4-504c-4f8f-8fa6-48a471d8c498] 重提后仍有问题: 重点修正跨栏章节归属错误（6.1.7节应完整保留在左栏延续位置）、右下角截断段落的原始截断状态标识，并删除页脚网址
2026-05-31 13:42:08,361 [WARNING] extraction_service - [ee4776b4-504c-4f8f-8fa6-48a471d8c498] 已生成复核指引: output/医脉通】2020+ESC指南：非持续性ST段抬高型急性冠脉综合征的管理/医脉通】2020+ESC指南：非持续性ST段抬高型急性冠脉综合征的管理_38_review.md
2026-05-31 13:42:08,361 [INFO] extraction_service - [ee4776b4-504c-4f8f-8fa6-48a471d8c498] 完成! 耗时 144.42s, 策略=标准提取, 结果=output/医脉通】2020+ESC指南：非持续性ST段抬高型急性冠脉综合征的管理/医脉通】2020+ESC指南：非持续性ST段抬高型急性冠脉综合征的管理_38.md
2026-05-31 13:42:08,361 [INFO] extraction_service - 
==================================================
2026-05-31 13:42:08,361 [INFO] extraction_service - [17d64b24-ad86-4c7f-a537-c3886c185b20] 开始处理第 47 页: 【医脉通】2020+ESC指南：非持续性ST段抬高型急性冠脉综合征的管理_47.png
2026-05-31 13:42:12,226 [WARNING] extraction_service - [8ccf82dd-f1db-4ec4-a74c-9095ef532043] 重提后仍有问题: 右栏顶部的跨页延续段落被错误地置于左栏内容之后，且表格下方‘Continued’注释未按规范作为表格脚注提取
2026-05-31 13:42:12,226 [WARNING] extraction_service - [8ccf82dd-f1db-4ec4-a74c-9095ef532043] 已生成复核指引: output/医脉通】2020+ESC指南：非持续性ST段抬高型急性冠脉综合征的管理/医脉通】2020+ESC指南：非持续性ST段抬高型急性冠脉综合征的管理_40_review.md
2026-05-31 13:42:12,226 [INFO] extraction_service - [8ccf82dd-f1db-4ec4-a74c-9095ef532043] 完成! 耗时 107.80s, 策略=标准提取, 结果=output/医脉通】2020+ESC指南：非持续性ST段抬高型急性冠脉综合征的管理/医脉通】2020+ESC指南：非持续性ST段抬高型急性冠脉综合征的管理_40.md
2026-05-31 13:42:12,226 [INFO] extraction_service - 
==================================================
2026-05-31 13:42:12,227 [INFO] extraction_service - [7c351c60-e30e-4f1e-9776-44633c605941] 开始处理第 48 页: 【医脉通】2020+ESC指南：非持续性ST段抬高型急性冠脉综合征的管理_48.png
2026-05-31 13:42:13,819 [INFO] extraction_service - [87543ed8-ef2b-454b-a583-9c65e23ca131] 完成! 耗时 81.70s, 策略=标准提取, 结果=output/医脉通】2020+ESC指南：非持续性ST段抬高型急性冠脉综合征的管理/医脉通】2020+ESC指南：非持续性ST段抬高型急性冠脉综合征的管理_41.md
2026-05-31 13:42:13,819 [INFO] extraction_service - 
==================================================
2026-05-31 13:42:13,820 [INFO] extraction_service - [61a6a24f-df32-4e7d-9fab-1bea4022bc0c] 开始处理第 49 页: 【医脉通】2020+ESC指南：非持续性ST段抬高型急性冠脉综合征的管理_49.png
2026-05-31 13:42:43,771 [INFO] extraction_service - [1e3948db-0a94-4627-850f-91d3895c067c] 定向重提完成
2026-05-31 13:42:50,306 [INFO] extraction_service - [2dbde8df-a964-4775-bc29-1d5b31dfd296] 定向重提完成
2026-05-31 13:42:50,714 [WARNING] extraction_service - [8992529b-f0e9-4278-ae92-8d27b4e38ecf] 校验发现问题，启动定向重提: 需严格按双栏顺序输出：先左栏全部段落（含左下IABP-SHOCK II内容），再右栏表格+其下方注释+右下8.2节；同时确保页面末尾截断处不补全、保留原文截断状态。
2026-05-31 13:42:58,102 [WARNING] extraction_service - [b0c60bcd-03ce-41f8-97a5-4ce9310ea11e] 校验发现问题，启动定向重提: 严格按双栏顺序输出：左栏（上段→中表→下段8.3节），再右栏（上段→中表→下段）；确保每张表格的专属注释紧随其后，不跨栏合并；修复表格中合并单元格标题的格式与结构表示
2026-05-31 13:43:00,598 [WARNING] extraction_service - [1e3948db-0a94-4627-850f-91d3895c067c] 重提后仍有问题: 严格按双栏顺序输出：先完整左栏（含表格及紧随其后的表格注释），再完整右栏；确保表格注释不混入正文，删除页脚网址，并核实Figure 12是否应提取图题
2026-05-31 13:43:00,599 [WARNING] extraction_service - [1e3948db-0a94-4627-850f-91d3895c067c] 已生成复核指引: output/医脉通】2020+ESC指南：非持续性ST段抬高型急性冠脉综合征的管理/医脉通】2020+ESC指南：非持续性ST段抬高型急性冠脉综合征的管理_42_review.md
2026-05-31 13:43:00,599 [INFO] extraction_service - [1e3948db-0a94-4627-850f-91d3895c067c] 完成! 耗时 126.71s, 策略=标准提取, 结果=output/医脉通】2020+ESC指南：非持续性ST段抬高型急性冠脉综合征的管理/医脉通】2020+ESC指南：非持续性ST段抬高型急性冠脉综合征的管理_42.md
2026-05-31 13:43:00,599 [INFO] extraction_service - 
==================================================
2026-05-31 13:43:00,599 [INFO] extraction_service - [19a68cc6-7af6-422c-bd7a-a21d276d8dc4] 开始处理第 50 页: 【医脉通】2020+ESC指南：非持续性ST段抬高型急性冠脉综合征的管理_50.png
2026-05-31 13:43:05,429 [INFO] extraction_service - [61a6a24f-df32-4e7d-9fab-1bea4022bc0c] 完成! 耗时 51.61s, 策略=标准提取, 结果=output/医脉通】2020+ESC指南：非持续性ST段抬高型急性冠脉综合征的管理/医脉通】2020+ESC指南：非持续性ST段抬高型急性冠脉综合征的管理_49.md
2026-05-31 13:43:05,430 [INFO] extraction_service - 
==================================================
2026-05-31 13:43:05,430 [INFO] extraction_service - [39503796-dfb6-4345-861f-68638dbc1203] 开始处理第 51 页: 【医脉通】2020+ESC指南：非持续性ST段抬高型急性冠脉综合征的管理_51.png
2026-05-31 13:43:11,149 [WARNING] extraction_service - [17d64b24-ad86-4c7f-a537-c3886c185b20] 校验发现问题，启动定向重提: 删除错误添加的9.1.10标题，并将表格下方脚注中的<sup>标签替换为合规格式
2026-05-31 13:43:11,709 [INFO] extraction_service - [bdb84c05-a24e-48dd-9523-d7bc80884f54] 完成! 耗时 67.38s, 策略=标准提取, 结果=output/医脉通】2020+ESC指南：非持续性ST段抬高型急性冠脉综合征的管理/医脉通】2020+ESC指南：非持续性ST段抬高型急性冠脉综合征的管理_46.md
2026-05-31 13:43:11,710 [INFO] extraction_service - 
==================================================
2026-05-31 13:43:11,710 [INFO] extraction_service - [a0164efb-e777-4861-875d-9e4a1371b5f8] 开始处理第 52 页: 【医脉通】2020+ESC指南：非持续性ST段抬高型急性冠脉综合征的管理_52.png
2026-05-31 13:43:19,332 [WARNING] extraction_service - [2dbde8df-a964-4775-bc29-1d5b31dfd296] 重提后仍有问题: 流程图节点间逻辑关系不完整，特别是 CMR Imaging 的两个子模式（Non ischaemic/ischaemic pattern）未建立独立边连接至对应诊断节点，且 Working Diagnoses 层级内 Exclude 与 MINOCA 的并列结构未准确表达；需修正 YAML edges 与 nodes 结构以忠实还原原图决策路径。
2026-05-31 13:43:19,333 [WARNING] extraction_service - [2dbde8df-a964-4775-bc29-1d5b31dfd296] 已生成复核指引: output/医脉通】2020+ESC指南：非持续性ST段抬高型急性冠脉综合征的管理/医脉通】2020+ESC指南：非持续性ST段抬高型急性冠脉综合征的管理_43_review.md
2026-05-31 13:43:19,333 [INFO] extraction_service - [2dbde8df-a964-4775-bc29-1d5b31dfd296] 完成! 耗时 143.62s, 策略=标准提取, 结果=output/医脉通】2020+ESC指南：非持续性ST段抬高型急性冠脉综合征的管理/医脉通】2020+ESC指南：非持续性ST段抬高型急性冠脉综合征的管理_43.md
2026-05-31 13:43:19,333 [INFO] extraction_service - 
==================================================
2026-05-31 13:43:19,333 [INFO] extraction_service - [9571beb4-6341-4353-bc5b-6fd808978d88] 开始处理第 53 页: 【医脉通】2020+ESC指南：非持续性ST段抬高型急性冠脉综合征的管理_53.png
2026-05-31 13:43:29,587 [INFO] extraction_service - [7c351c60-e30e-4f1e-9776-44633c605941] 完成! 耗时 77.36s, 策略=标准提取, 结果=output/医脉通】2020+ESC指南：非持续性ST段抬高型急性冠脉综合征的管理/医脉通】2020+ESC指南：非持续性ST段抬高型急性冠脉综合征的管理_48.md
2026-05-31 13:43:29,588 [INFO] extraction_service - 
==================================================
2026-05-31 13:43:29,588 [INFO] extraction_service - [07d27cf6-bec6-4e70-95dd-28c976f0e082] 开始处理第 54 页: 【医脉通】2020+ESC指南：非持续性ST段抬高型急性冠脉综合征的管理_54.png
2026-05-31 13:43:35,554 [INFO] extraction_service - [8992529b-f0e9-4278-ae92-8d27b4e38ecf] 定向重提完成
2026-05-31 13:43:42,635 [INFO] extraction_service - [b0c60bcd-03ce-41f8-97a5-4ce9310ea11e] 定向重提完成
2026-05-31 13:43:48,805 [WARNING] extraction_service - [19a68cc6-7af6-422c-bd7a-a21d276d8dc4] 校验发现问题，启动定向重提: 需以Markdown表格形式完整还原原图结构，保留合并单元格、多行单元格（用<br>分隔）、右侧推荐等级标识（I/C等），并补提表格下方注释内容
2026-05-31 13:43:49,336 [INFO] extraction_service - [17d64b24-ad86-4c7f-a537-c3886c185b20] 定向重提完成
2026-05-31 13:43:51,704 [INFO] extraction_service - [39503796-dfb6-4345-861f-68638dbc1203] 完成! 耗时 46.27s, 策略=标准提取, 结果=output/医脉通】2020+ESC指南：非持续性ST段抬高型急性冠脉综合征的管理/医脉通】2020+ESC指南：非持续性ST段抬高型急性冠脉综合征的管理_51.md
2026-05-31 13:43:51,704 [INFO] extraction_service - 
==================================================
2026-05-31 13:43:51,704 [INFO] extraction_service - [463a8f46-3aad-42d2-a795-ae4ab817710d] 开始处理第 55 页: 【医脉通】2020+ESC指南：非持续性ST段抬高型急性冠脉综合征的管理_55.png
2026-05-31 13:43:52,345 [WARNING] extraction_service - [8992529b-f0e9-4278-ae92-8d27b4e38ecf] 重提后仍有问题: 修正页面末尾截断处理：保留原文不完整结尾'Given that, during the acute phase'而不作任何收尾；同时将表格下方的缩写与脚注说明规范提取为以'注：'开头的独立注释块，并删除上标符号ᵃᵇ
2026-05-31 13:43:52,346 [WARNING] extraction_service - [8992529b-f0e9-4278-ae92-8d27b4e38ecf] 已生成复核指引: output/医脉通】2020+ESC指南：非持续性ST段抬高型急性冠脉综合征的管理/医脉通】2020+ESC指南：非持续性ST段抬高型急性冠脉综合征的管理_44_review.md
2026-05-31 13:43:52,347 [INFO] extraction_service - [8992529b-f0e9-4278-ae92-8d27b4e38ecf] 完成! 耗时 136.18s, 策略=标准提取, 结果=output/医脉通】2020+ESC指南：非持续性ST段抬高型急性冠脉综合征的管理/医脉通】2020+ESC指南：非持续性ST段抬高型急性冠脉综合征的管理_44.md
2026-05-31 13:43:52,347 [INFO] extraction_service - 
==================================================
2026-05-31 13:43:52,347 [INFO] extraction_service - [d80fd5cb-2f74-42cf-8b24-32fa23fad102] 开始处理第 56 页: 【医脉通】2020+ESC指南：非持续性ST段抬高型急性冠脉综合征的管理_56.png
2026-05-31 13:44:01,869 [INFO] extraction_service - [b0c60bcd-03ce-41f8-97a5-4ce9310ea11e] 完成! 耗时 135.22s, 策略=标准提取, 结果=output/医脉通】2020+ESC指南：非持续性ST段抬高型急性冠脉综合征的管理/医脉通】2020+ESC指南：非持续性ST段抬高型急性冠脉综合征的管理_45.md
2026-05-31 13:44:01,870 [INFO] extraction_service - 
==================================================
2026-05-31 13:44:01,870 [INFO] extraction_service - [da636275-6050-48fe-be64-fcb5ad165c1c] 开始处理第 57 页: 【医脉通】2020+ESC指南：非持续性ST段抬高型急性冠脉综合征的管理_57.png
2026-05-31 13:44:06,914 [WARNING] extraction_service - [17d64b24-ad86-4c7f-a537-c3886c185b20] 重提后仍有问题: 修正章节编号错误（9.1.10应为9.1.9），删除页脚网址，并将表格下方脚注规范提取为独立说明段落
2026-05-31 13:44:06,915 [WARNING] extraction_service - [17d64b24-ad86-4c7f-a537-c3886c185b20] 已生成复核指引: output/医脉通】2020+ESC指南：非持续性ST段抬高型急性冠脉综合征的管理/医脉通】2020+ESC指南：非持续性ST段抬高型急性冠脉综合征的管理_47_review.md
2026-05-31 13:44:06,915 [INFO] extraction_service - [17d64b24-ad86-4c7f-a537-c3886c185b20] 完成! 耗时 118.55s, 策略=标准提取, 结果=output/医脉通】2020+ESC指南：非持续性ST段抬高型急性冠脉综合征的管理/医脉通】2020+ESC指南：非持续性ST段抬高型急性冠脉综合征的管理_47.md
2026-05-31 13:44:06,915 [INFO] extraction_service - 
==================================================
2026-05-31 13:44:06,915 [INFO] extraction_service - [abfb37e0-dc19-4b08-b691-0475701a7304] 开始处理第 58 页: 【医脉通】2020+ESC指南：非持续性ST段抬高型急性冠脉综合征的管理_58.png
2026-05-31 13:44:18,725 [INFO] extraction_service - [9571beb4-6341-4353-bc5b-6fd808978d88] 完成! 耗时 59.39s, 策略=标准提取, 结果=output/医脉通】2020+ESC指南：非持续性ST段抬高型急性冠脉综合征的管理/医脉通】2020+ESC指南：非持续性ST段抬高型急性冠脉综合征的管理_53.md
2026-05-31 13:44:18,726 [INFO] extraction_service - 
==================================================
2026-05-31 13:44:18,726 [INFO] extraction_service - [c7b4c63d-ab96-4f68-ae39-b54aa27fb723] 开始处理第 59 页: 【医脉通】2020+ESC指南：非持续性ST段抬高型急性冠脉综合征的管理_59.png
2026-05-31 13:44:20,018 [INFO] extraction_service - [07d27cf6-bec6-4e70-95dd-28c976f0e082] 完成! 耗时 50.43s, 策略=标准提取, 结果=output/医脉通】2020+ESC指南：非持续性ST段抬高型急性冠脉综合征的管理/医脉通】2020+ESC指南：非持续性ST段抬高型急性冠脉综合征的管理_54.md
2026-05-31 13:44:20,018 [INFO] extraction_service - 
==================================================
2026-05-31 13:44:20,018 [INFO] extraction_service - [a75e34b7-f2c1-4845-913a-f1b99c205626] 开始处理第 60 页: 【医脉通】2020+ESC指南：非持续性ST段抬高型急性冠脉综合征的管理_60.png
2026-05-31 13:44:24,094 [INFO] extraction_service - [19a68cc6-7af6-422c-bd7a-a21d276d8dc4] 定向重提完成
2026-05-31 13:44:34,026 [INFO] extraction_service - [19a68cc6-7af6-422c-bd7a-a21d276d8dc4] 完成! 耗时 93.43s, 策略=标准提取, 结果=output/医脉通】2020+ESC指南：非持续性ST段抬高型急性冠脉综合征的管理/医脉通】2020+ESC指南：非持续性ST段抬高型急性冠脉综合征的管理_50.md
2026-05-31 13:44:34,027 [INFO] extraction_service - 
==================================================
2026-05-31 13:44:34,027 [INFO] extraction_service - [11c6bdc6-aa9d-4ff5-992f-d70d669aba2b] 开始处理第 61 页: 【医脉通】2020+ESC指南：非持续性ST段抬高型急性冠脉综合征的管理_61.png
2026-05-31 13:44:38,232 [INFO] extraction_service - [463a8f46-3aad-42d2-a795-ae4ab817710d] 完成! 耗时 46.53s, 策略=标准提取, 结果=output/医脉通】2020+ESC指南：非持续性ST段抬高型急性冠脉综合征的管理/医脉通】2020+ESC指南：非持续性ST段抬高型急性冠脉综合征的管理_55.md
2026-05-31 13:44:38,232 [INFO] extraction_service - 
==================================================
2026-05-31 13:44:38,232 [INFO] extraction_service - [25e76f69-2a3c-470a-aeae-820fcd63cd8a] 开始处理第 62 页: 【医脉通】2020+ESC指南：非持续性ST段抬高型急性冠脉综合征的管理_62.png
2026-05-31 13:44:49,065 [WARNING] extraction_service - [d80fd5cb-2f74-42cf-8b24-32fa23fad102] 校验发现问题，启动定向重提: 必须还原原始表格结构（含合并单元格、多行单元格、证据等级列），并补全表格下方脚注；禁止将表格转为纯文字段落
2026-05-31 13:44:50,732 [WARNING] extraction_service - [da636275-6050-48fe-be64-fcb5ad165c1c] 校验发现问题，启动定向重提: 必须还原原始表格结构，保留合并单元格与证据等级双列（I/III vs A/B/C），并删除页脚网址与'Continued'文字
2026-05-31 13:44:51,393 [WARNING] extraction_service - [11c6bdc6-aa9d-4ff5-992f-d70d669aba2b] 校验发现问题，启动定向重提: 需重新识别并提取Scout报告中4个段落内容块（左上、右上、左下、右下）的正文内容，不得跳过；仅跳过从'参考文献'标题开始后的条目，但本页无显式标题，应依据内容性质区分：编号列表为参考文献，非编号段落为正文。
2026-05-31 13:44:54,333 [WARNING] extraction_service - [25e76f69-2a3c-470a-aeae-820fcd63cd8a] 校验发现问题，启动定向重提: 该页为正文与参考文献混合页，需提取顶部延续段落及编号前的非参考文献正文内容，仅跳过从'36.'开始的参考文献条目
2026-05-31 13:44:55,159 [WARNING] extraction_service - [abfb37e0-dc19-4b08-b691-0475701a7304] 校验发现问题，启动定向重提: 必须还原原始表格结构，保留推荐分类标题、推荐条文、证据等级（I/II/III + A/B/C）三栏布局，禁止将表格转为纯段落；删除页脚'Continued'
2026-05-31 13:44:57,520 [INFO] extraction_service - [25e76f69-2a3c-470a-aeae-820fcd63cd8a] 定向重提完成
2026-05-31 13:45:05,777 [WARNING] extraction_service - [25e76f69-2a3c-470a-aeae-820fcd63cd8a] 重提后仍有问题: 该页为纯参考文献页，应整体跳过并输出标准提示语，不得提取任何参考文献条目。
2026-05-31 13:45:05,778 [WARNING] extraction_service - [25e76f69-2a3c-470a-aeae-820fcd63cd8a] 已生成复核指引: output/医脉通】2020+ESC指南：非持续性ST段抬高型急性冠脉综合征的管理/医脉通】2020+ESC指南：非持续性ST段抬高型急性冠脉综合征的管理_62_review.md
2026-05-31 13:45:05,778 [INFO] extraction_service - [25e76f69-2a3c-470a-aeae-820fcd63cd8a] 完成! 耗时 27.55s, 策略=轻量提取, 结果=output/医脉通】2020+ESC指南：非持续性ST段抬高型急性冠脉综合征的管理/医脉通】2020+ESC指南：非持续性ST段抬高型急性冠脉综合征的管理_62.md
2026-05-31 13:45:05,780 [INFO] extraction_service - 
==================================================
2026-05-31 13:45:05,780 [INFO] extraction_service - [4d5eb3c9-1af2-4ff1-b965-eb935821a2c9] 开始处理第 63 页: 【医脉通】2020+ESC指南：非持续性ST段抬高型急性冠脉综合征的管理_63.png
2026-05-31 13:45:10,860 [INFO] extraction_service - [a0164efb-e777-4861-875d-9e4a1371b5f8] 完成! 耗时 119.15s, 策略=完整提取, 结果=output/医脉通】2020+ESC指南：非持续性ST段抬高型急性冠脉综合征的管理/医脉通】2020+ESC指南：非持续性ST段抬高型急性冠脉综合征的管理_52.md
2026-05-31 13:45:10,860 [INFO] extraction_service - 
==================================================
2026-05-31 13:45:10,860 [INFO] extraction_service - [21ca581d-271f-4547-8f95-58ad150de935] 开始处理第 64 页: 【医脉通】2020+ESC指南：非持续性ST段抬高型急性冠脉综合征的管理_64.png
2026-05-31 13:45:22,651 [WARNING] extraction_service - [4d5eb3c9-1af2-4ff1-b965-eb935821a2c9] 校验发现问题，启动定向重提: 需重新提取本页内容，严格按双栏顺序（左上→右上→左下→右下）保留所有段落块，不得因含参考文献条目而跳过整页；注意页眉'ESC Guidelines'和页码'63'不属于需保留正文，但编号63之前的可能为延续段落或标题类内容，应结合图像确认是否属正文范畴。
2026-05-31 13:45:23,146 [WARNING] extraction_service - [c7b4c63d-ab96-4f68-ae39-b54aa27fb723] 校验发现问题，启动定向重提: 遗漏表格下方的脚注注释段落（含^a至^f说明），且右下角作者单位列表被截断；需补全并确保页脚网址删除。
2026-05-31 13:45:26,008 [INFO] extraction_service - [abfb37e0-dc19-4b08-b691-0475701a7304] 定向重提完成
2026-05-31 13:45:28,226 [WARNING] extraction_service - [21ca581d-271f-4547-8f95-58ad150de935] 校验发现问题，启动定向重提: 该页为正文与参考文献混合页，需提取左栏条目100–105（含EACVI委员会声明等正文内容），跳过从'参考文献'标题起的纯参考文献条目；当前错误地将整页当作纯参考文献页跳过
2026-05-31 13:45:36,757 [WARNING] extraction_service - [a75e34b7-f2c1-4845-913a-f1b99c205626] 校验发现问题，启动定向重提: 需跳过从'17 References'标题开始至页底的所有参考文献条目，仅保留前四段正文内容（作者列表、CPG成员、ESC国家学会说明、各国学会列表），严禁提取参考文献内容。
2026-05-31 13:45:41,919 [WARNING] extraction_service - [abfb37e0-dc19-4b08-b691-0475701a7304] 重提后仍有问题: 将原文单个复杂表格还原为一个完整Markdown表格，保留章节标题行作为带合并单元格的分组行，删除页脚'Continued'及网址，统一参考文献上标格式
2026-05-31 13:45:41,921 [WARNING] extraction_service - [abfb37e0-dc19-4b08-b691-0475701a7304] 已生成复核指引: output/医脉通】2020+ESC指南：非持续性ST段抬高型急性冠脉综合征的管理/医脉通】2020+ESC指南：非持续性ST段抬高型急性冠脉综合征的管理_58_review.md
2026-05-31 13:45:41,921 [INFO] extraction_service - [abfb37e0-dc19-4b08-b691-0475701a7304] 完成! 耗时 95.01s, 策略=标准提取, 结果=output/医脉通】2020+ESC指南：非持续性ST段抬高型急性冠脉综合征的管理/医脉通】2020+ESC指南：非持续性ST段抬高型急性冠脉综合征的管理_58.md
2026-05-31 13:45:41,921 [INFO] extraction_service - 
==================================================
2026-05-31 13:45:41,921 [INFO] extraction_service - [46845072-cd25-414e-939a-43c2112f0f36] 开始处理第 65 页: 【医脉通】2020+ESC指南：非持续性ST段抬高型急性冠脉综合征的管理_65.png
2026-05-31 13:45:48,137 [INFO] extraction_service - [da636275-6050-48fe-be64-fcb5ad165c1c] 定向重提完成
2026-05-31 13:45:54,496 [INFO] extraction_service - [21ca581d-271f-4547-8f95-58ad150de935] 定向重提完成
2026-05-31 13:45:59,596 [INFO] extraction_service - [46845072-cd25-414e-939a-43c2112f0f36] 完成! 耗时 17.67s, 策略=轻量提取, 结果=output/医脉通】2020+ESC指南：非持续性ST段抬高型急性冠脉综合征的管理/医脉通】2020+ESC指南：非持续性ST段抬高型急性冠脉综合征的管理_65.md
2026-05-31 13:45:59,596 [INFO] extraction_service - 
==================================================
2026-05-31 13:45:59,596 [INFO] extraction_service - [e491a64e-3f32-4ba7-a859-a772eecc30a2] 开始处理第 66 页: 【医脉通】2020+ESC指南：非持续性ST段抬高型急性冠脉综合征的管理_66.png
2026-05-31 13:57:12,245 [ERROR] extraction_service - [da636275-6050-48fe-be64-fcb5ad165c1c] 处理失败: APIConnectionError: Connection error.
Traceback (most recent call last):
  File "/Library/Frameworks/Python.framework/Versions/3.12/lib/python3.12/site-packages/httpx/_transports/default.py", line 101, in map_httpcore_exceptions
    yield
  File "/Library/Frameworks/Python.framework/Versions/3.12/lib/python3.12/site-packages/httpx/_transports/default.py", line 394, in handle_async_request
    resp = await self._pool.handle_async_request(req)
           ^^^^^^^^^^^^^^^^^^^^^^^^^^^^^^^^^^^^^^^^^^
  File "/Library/Frameworks/Python.framework/Versions/3.12/lib/python3.12/site-packages/httpcore/_async/connection_pool.py", line 256, in handle_async_request
    raise exc from None
  File "/Library/Frameworks/Python.framework/Versions/3.12/lib/python3.12/site-packages/httpcore/_async/connection_pool.py", line 236, in handle_async_request
    response = await connection.handle_async_request(
               ^^^^^^^^^^^^^^^^^^^^^^^^^^^^^^^^^^^^^^
  File "/Library/Frameworks/Python.framework/Versions/3.12/lib/python3.12/site-packages/httpcore/_async/connection.py", line 101, in handle_async_request
    raise exc
  File "/Library/Frameworks/Python.framework/Versions/3.12/lib/python3.12/site-packages/httpcore/_async/connection.py", line 78, in handle_async_request
    stream = await self._connect(request)
             ^^^^^^^^^^^^^^^^^^^^^^^^^^^^
  File "/Library/Frameworks/Python.framework/Versions/3.12/lib/python3.12/site-packages/httpcore/_async/connection.py", line 124, in _connect
    stream = await self._network_backend.connect_tcp(**kwargs)
             ^^^^^^^^^^^^^^^^^^^^^^^^^^^^^^^^^^^^^^^^^^^^^^^^^
  File "/Library/Frameworks/Python.framework/Versions/3.12/lib/python3.12/site-packages/httpcore/_backends/auto.py", line 31, in connect_tcp
    return await self._backend.connect_tcp(
           ^^^^^^^^^^^^^^^^^^^^^^^^^^^^^^^^
  File "/Library/Frameworks/Python.framework/Versions/3.12/lib/python3.12/site-packages/httpcore/_backends/anyio.py", line 113, in connect_tcp
    with map_exceptions(exc_map):
  File "/Library/Frameworks/Python.framework/Versions/3.12/lib/python3.12/contextlib.py", line 155, in __exit__
    self.gen.throw(value)
  File "/Library/Frameworks/Python.framework/Versions/3.12/lib/python3.12/site-packages/httpcore/_exceptions.py", line 14, in map_exceptions
    raise to_exc(exc) from exc
httpcore.ConnectError: [Errno 8] nodename nor servname provided, or not known

The above exception was the direct cause of the following exception:

Traceback (most recent call last):
  File "/Library/Frameworks/Python.framework/Versions/3.12/lib/python3.12/site-packages/openai/_base_client.py", line 1604, in request
    response = await self._client.send(
               ^^^^^^^^^^^^^^^^^^^^^^^^
  File "/Library/Frameworks/Python.framework/Versions/3.12/lib/python3.12/site-packages/httpx/_client.py", line 1629, in send
    response = await self._send_handling_auth(
               ^^^^^^^^^^^^^^^^^^^^^^^^^^^^^^^
  File "/Library/Frameworks/Python.framework/Versions/3.12/lib/python3.12/site-packages/httpx/_client.py", line 1657, in _send_handling_auth
    response = await self._send_handling_redirects(
               ^^^^^^^^^^^^^^^^^^^^^^^^^^^^^^^^^^^^
  File "/Library/Frameworks/Python.framework/Versions/3.12/lib/python3.12/site-packages/httpx/_client.py", line 1694, in _send_handling_redirects
    response = await self._send_single_request(request)
               ^^^^^^^^^^^^^^^^^^^^^^^^^^^^^^^^^^^^^^^^
  File "/Library/Frameworks/Python.framework/Versions/3.12/lib/python3.12/site-packages/httpx/_client.py", line 1730, in _send_single_request
    response = await transport.handle_async_request(request)
               ^^^^^^^^^^^^^^^^^^^^^^^^^^^^^^^^^^^^^^^^^^^^^
  File "/Library/Frameworks/Python.framework/Versions/3.12/lib/python3.12/site-packages/httpx/_transports/default.py", line 393, in handle_async_request
    with map_httpcore_exceptions():
  File "/Library/Frameworks/Python.framework/Versions/3.12/lib/python3.12/contextlib.py", line 155, in __exit__
    self.gen.throw(value)
  File "/Library/Frameworks/Python.framework/Versions/3.12/lib/python3.12/site-packages/httpx/_transports/default.py", line 118, in map_httpcore_exceptions
    raise mapped_exc(message) from exc
httpx.ConnectError: [Errno 8] nodename nor servname provided, or not known

The above exception was the direct cause of the following exception:

Traceback (most recent call last):
  File "/Users/rossw/Downloads/projects/clinical-laboratory/two_stage_extraction/extraction_service.py", line 240, in run_single_extraction
    verify_result = await verify_phase(
                    ^^^^^^^^^^^^^^^^^^^
  File "/Users/rossw/Downloads/projects/clinical-laboratory/two_stage_extraction/_shared.py", line 226, in verify_phase
    raw = await call_vlm(messages, model, api_key, base_url, max_tokens=2048)
          ^^^^^^^^^^^^^^^^^^^^^^^^^^^^^^^^^^^^^^^^^^^^^^^^^^^^^^^^^^^^^^^^^^^
  File "/Users/rossw/Downloads/projects/clinical-laboratory/two_stage_extraction/_shared.py", line 117, in call_vlm
    response = await client.chat.completions.create(
               ^^^^^^^^^^^^^^^^^^^^^^^^^^^^^^^^^^^^^
  File "/Library/Frameworks/Python.framework/Versions/3.12/lib/python3.12/site-packages/openai/resources/chat/completions/completions.py", line 2714, in create
    return await self._post(
           ^^^^^^^^^^^^^^^^^
  File "/Library/Frameworks/Python.framework/Versions/3.12/lib/python3.12/site-packages/openai/_base_client.py", line 1884, in post
    return await self.request(cast_to, opts, stream=stream, stream_cls=stream_cls)
           ^^^^^^^^^^^^^^^^^^^^^^^^^^^^^^^^^^^^^^^^^^^^^^^^^^^^^^^^^^^^^^^^^^^^^^^
  File "/Library/Frameworks/Python.framework/Versions/3.12/lib/python3.12/site-packages/openai/_base_client.py", line 1636, in request
    raise APIConnectionError(request=request) from err
openai.APIConnectionError: Connection error.
2026-05-31 13:57:12,268 [INFO] extraction_service - 
==================================================
2026-05-31 13:57:12,269 [INFO] extraction_service - [02574cb7-f6be-44f5-94b1-a02e29b150a1] 开始处理第 67 页: 【医脉通】2020+ESC指南：非持续性ST段抬高型急性冠脉综合征的管理_67.png
2026-05-31 13:57:12,293 [ERROR] extraction_service - [21ca581d-271f-4547-8f95-58ad150de935] 处理失败: APIConnectionError: Connection error.
Traceback (most recent call last):
  File "/Library/Frameworks/Python.framework/Versions/3.12/lib/python3.12/site-packages/httpx/_transports/default.py", line 101, in map_httpcore_exceptions
    yield
  File "/Library/Frameworks/Python.framework/Versions/3.12/lib/python3.12/site-packages/httpx/_transports/default.py", line 394, in handle_async_request
    resp = await self._pool.handle_async_request(req)
           ^^^^^^^^^^^^^^^^^^^^^^^^^^^^^^^^^^^^^^^^^^
  File "/Library/Frameworks/Python.framework/Versions/3.12/lib/python3.12/site-packages/httpcore/_async/connection_pool.py", line 256, in handle_async_request
    raise exc from None
  File "/Library/Frameworks/Python.framework/Versions/3.12/lib/python3.12/site-packages/httpcore/_async/connection_pool.py", line 236, in handle_async_request
    response = await connection.handle_async_request(
               ^^^^^^^^^^^^^^^^^^^^^^^^^^^^^^^^^^^^^^
  File "/Library/Frameworks/Python.framework/Versions/3.12/lib/python3.12/site-packages/httpcore/_async/connection.py", line 101, in handle_async_request
    raise exc
  File "/Library/Frameworks/Python.framework/Versions/3.12/lib/python3.12/site-packages/httpcore/_async/connection.py", line 78, in handle_async_request
    stream = await self._connect(request)
             ^^^^^^^^^^^^^^^^^^^^^^^^^^^^
  File "/Library/Frameworks/Python.framework/Versions/3.12/lib/python3.12/site-packages/httpcore/_async/connection.py", line 124, in _connect
    stream = await self._network_backend.connect_tcp(**kwargs)
             ^^^^^^^^^^^^^^^^^^^^^^^^^^^^^^^^^^^^^^^^^^^^^^^^^
  File "/Library/Frameworks/Python.framework/Versions/3.12/lib/python3.12/site-packages/httpcore/_backends/auto.py", line 31, in connect_tcp
    return await self._backend.connect_tcp(
           ^^^^^^^^^^^^^^^^^^^^^^^^^^^^^^^^
  File "/Library/Frameworks/Python.framework/Versions/3.12/lib/python3.12/site-packages/httpcore/_backends/anyio.py", line 113, in connect_tcp
    with map_exceptions(exc_map):
  File "/Library/Frameworks/Python.framework/Versions/3.12/lib/python3.12/contextlib.py", line 155, in __exit__
    self.gen.throw(value)
  File "/Library/Frameworks/Python.framework/Versions/3.12/lib/python3.12/site-packages/httpcore/_exceptions.py", line 14, in map_exceptions
    raise to_exc(exc) from exc
httpcore.ConnectError: [Errno 8] nodename nor servname provided, or not known

The above exception was the direct cause of the following exception:

Traceback (most recent call last):
  File "/Library/Frameworks/Python.framework/Versions/3.12/lib/python3.12/site-packages/openai/_base_client.py", line 1604, in request
    response = await self._client.send(
               ^^^^^^^^^^^^^^^^^^^^^^^^
  File "/Library/Frameworks/Python.framework/Versions/3.12/lib/python3.12/site-packages/httpx/_client.py", line 1629, in send
    response = await self._send_handling_auth(
               ^^^^^^^^^^^^^^^^^^^^^^^^^^^^^^^
  File "/Library/Frameworks/Python.framework/Versions/3.12/lib/python3.12/site-packages/httpx/_client.py", line 1657, in _send_handling_auth
    response = await self._send_handling_redirects(
               ^^^^^^^^^^^^^^^^^^^^^^^^^^^^^^^^^^^^
  File "/Library/Frameworks/Python.framework/Versions/3.12/lib/python3.12/site-packages/httpx/_client.py", line 1694, in _send_handling_redirects
    response = await self._send_single_request(request)
               ^^^^^^^^^^^^^^^^^^^^^^^^^^^^^^^^^^^^^^^^
  File "/Library/Frameworks/Python.framework/Versions/3.12/lib/python3.12/site-packages/httpx/_client.py", line 1730, in _send_single_request
    response = await transport.handle_async_request(request)
               ^^^^^^^^^^^^^^^^^^^^^^^^^^^^^^^^^^^^^^^^^^^^^
  File "/Library/Frameworks/Python.framework/Versions/3.12/lib/python3.12/site-packages/httpx/_transports/default.py", line 393, in handle_async_request
    with map_httpcore_exceptions():
  File "/Library/Frameworks/Python.framework/Versions/3.12/lib/python3.12/contextlib.py", line 155, in __exit__
    self.gen.throw(value)
  File "/Library/Frameworks/Python.framework/Versions/3.12/lib/python3.12/site-packages/httpx/_transports/default.py", line 118, in map_httpcore_exceptions
    raise mapped_exc(message) from exc
httpx.ConnectError: [Errno 8] nodename nor servname provided, or not known

The above exception was the direct cause of the following exception:

Traceback (most recent call last):
  File "/Users/rossw/Downloads/projects/clinical-laboratory/two_stage_extraction/extraction_service.py", line 240, in run_single_extraction
    verify_result = await verify_phase(
                    ^^^^^^^^^^^^^^^^^^^
  File "/Users/rossw/Downloads/projects/clinical-laboratory/two_stage_extraction/_shared.py", line 226, in verify_phase
    raw = await call_vlm(messages, model, api_key, base_url, max_tokens=2048)
          ^^^^^^^^^^^^^^^^^^^^^^^^^^^^^^^^^^^^^^^^^^^^^^^^^^^^^^^^^^^^^^^^^^^
  File "/Users/rossw/Downloads/projects/clinical-laboratory/two_stage_extraction/_shared.py", line 117, in call_vlm
    response = await client.chat.completions.create(
               ^^^^^^^^^^^^^^^^^^^^^^^^^^^^^^^^^^^^^
  File "/Library/Frameworks/Python.framework/Versions/3.12/lib/python3.12/site-packages/openai/resources/chat/completions/completions.py", line 2714, in create
    return await self._post(
           ^^^^^^^^^^^^^^^^^
  File "/Library/Frameworks/Python.framework/Versions/3.12/lib/python3.12/site-packages/openai/_base_client.py", line 1884, in post
    return await self.request(cast_to, opts, stream=stream, stream_cls=stream_cls)
           ^^^^^^^^^^^^^^^^^^^^^^^^^^^^^^^^^^^^^^^^^^^^^^^^^^^^^^^^^^^^^^^^^^^^^^^
  File "/Library/Frameworks/Python.framework/Versions/3.12/lib/python3.12/site-packages/openai/_base_client.py", line 1636, in request
    raise APIConnectionError(request=request) from err
openai.APIConnectionError: Connection error.
2026-05-31 13:57:12,301 [INFO] extraction_service - 
==================================================
2026-05-31 13:57:12,301 [INFO] extraction_service - [6db858c3-0245-4f83-8533-238dd24b8ac0] 开始处理第 68 页: 【医脉通】2020+ESC指南：非持续性ST段抬高型急性冠脉综合征的管理_68.png
2026-05-31 13:57:12,339 [ERROR] extraction_service - [11c6bdc6-aa9d-4ff5-992f-d70d669aba2b] 处理失败: APIConnectionError: Connection error.
Traceback (most recent call last):
  File "/Library/Frameworks/Python.framework/Versions/3.12/lib/python3.12/site-packages/httpx/_transports/default.py", line 101, in map_httpcore_exceptions
    yield
  File "/Library/Frameworks/Python.framework/Versions/3.12/lib/python3.12/site-packages/httpx/_transports/default.py", line 394, in handle_async_request
    resp = await self._pool.handle_async_request(req)
           ^^^^^^^^^^^^^^^^^^^^^^^^^^^^^^^^^^^^^^^^^^
  File "/Library/Frameworks/Python.framework/Versions/3.12/lib/python3.12/site-packages/httpcore/_async/connection_pool.py", line 256, in handle_async_request
    raise exc from None
  File "/Library/Frameworks/Python.framework/Versions/3.12/lib/python3.12/site-packages/httpcore/_async/connection_pool.py", line 236, in handle_async_request
    response = await connection.handle_async_request(
               ^^^^^^^^^^^^^^^^^^^^^^^^^^^^^^^^^^^^^^
  File "/Library/Frameworks/Python.framework/Versions/3.12/lib/python3.12/site-packages/httpcore/_async/connection.py", line 101, in handle_async_request
    raise exc
  File "/Library/Frameworks/Python.framework/Versions/3.12/lib/python3.12/site-packages/httpcore/_async/connection.py", line 78, in handle_async_request
    stream = await self._connect(request)
             ^^^^^^^^^^^^^^^^^^^^^^^^^^^^
  File "/Library/Frameworks/Python.framework/Versions/3.12/lib/python3.12/site-packages/httpcore/_async/connection.py", line 124, in _connect
    stream = await self._network_backend.connect_tcp(**kwargs)
             ^^^^^^^^^^^^^^^^^^^^^^^^^^^^^^^^^^^^^^^^^^^^^^^^^
  File "/Library/Frameworks/Python.framework/Versions/3.12/lib/python3.12/site-packages/httpcore/_backends/auto.py", line 31, in connect_tcp
    return await self._backend.connect_tcp(
           ^^^^^^^^^^^^^^^^^^^^^^^^^^^^^^^^
  File "/Library/Frameworks/Python.framework/Versions/3.12/lib/python3.12/site-packages/httpcore/_backends/anyio.py", line 113, in connect_tcp
    with map_exceptions(exc_map):
  File "/Library/Frameworks/Python.framework/Versions/3.12/lib/python3.12/contextlib.py", line 155, in __exit__
    self.gen.throw(value)
  File "/Library/Frameworks/Python.framework/Versions/3.12/lib/python3.12/site-packages/httpcore/_exceptions.py", line 14, in map_exceptions
    raise to_exc(exc) from exc
httpcore.ConnectError: [Errno 8] nodename nor servname provided, or not known

The above exception was the direct cause of the following exception:

Traceback (most recent call last):
  File "/Library/Frameworks/Python.framework/Versions/3.12/lib/python3.12/site-packages/openai/_base_client.py", line 1604, in request
    response = await self._client.send(
               ^^^^^^^^^^^^^^^^^^^^^^^^
  File "/Library/Frameworks/Python.framework/Versions/3.12/lib/python3.12/site-packages/httpx/_client.py", line 1629, in send
    response = await self._send_handling_auth(
               ^^^^^^^^^^^^^^^^^^^^^^^^^^^^^^^
  File "/Library/Frameworks/Python.framework/Versions/3.12/lib/python3.12/site-packages/httpx/_client.py", line 1657, in _send_handling_auth
    response = await self._send_handling_redirects(
               ^^^^^^^^^^^^^^^^^^^^^^^^^^^^^^^^^^^^
  File "/Library/Frameworks/Python.framework/Versions/3.12/lib/python3.12/site-packages/httpx/_client.py", line 1694, in _send_handling_redirects
    response = await self._send_single_request(request)
               ^^^^^^^^^^^^^^^^^^^^^^^^^^^^^^^^^^^^^^^^
  File "/Library/Frameworks/Python.framework/Versions/3.12/lib/python3.12/site-packages/httpx/_client.py", line 1730, in _send_single_request
    response = await transport.handle_async_request(request)
               ^^^^^^^^^^^^^^^^^^^^^^^^^^^^^^^^^^^^^^^^^^^^^
  File "/Library/Frameworks/Python.framework/Versions/3.12/lib/python3.12/site-packages/httpx/_transports/default.py", line 393, in handle_async_request
    with map_httpcore_exceptions():
  File "/Library/Frameworks/Python.framework/Versions/3.12/lib/python3.12/contextlib.py", line 155, in __exit__
    self.gen.throw(value)
  File "/Library/Frameworks/Python.framework/Versions/3.12/lib/python3.12/site-packages/httpx/_transports/default.py", line 118, in map_httpcore_exceptions
    raise mapped_exc(message) from exc
httpx.ConnectError: [Errno 8] nodename nor servname provided, or not known

The above exception was the direct cause of the following exception:

Traceback (most recent call last):
  File "/Users/rossw/Downloads/projects/clinical-laboratory/two_stage_extraction/extraction_service.py", line 233, in run_single_extraction
    extract_result = await call_vlm(
                     ^^^^^^^^^^^^^^^
  File "/Users/rossw/Downloads/projects/clinical-laboratory/two_stage_extraction/_shared.py", line 117, in call_vlm
    response = await client.chat.completions.create(
               ^^^^^^^^^^^^^^^^^^^^^^^^^^^^^^^^^^^^^
  File "/Library/Frameworks/Python.framework/Versions/3.12/lib/python3.12/site-packages/openai/resources/chat/completions/completions.py", line 2714, in create
    return await self._post(
           ^^^^^^^^^^^^^^^^^
  File "/Library/Frameworks/Python.framework/Versions/3.12/lib/python3.12/site-packages/openai/_base_client.py", line 1884, in post
    return await self.request(cast_to, opts, stream=stream, stream_cls=stream_cls)
           ^^^^^^^^^^^^^^^^^^^^^^^^^^^^^^^^^^^^^^^^^^^^^^^^^^^^^^^^^^^^^^^^^^^^^^^
  File "/Library/Frameworks/Python.framework/Versions/3.12/lib/python3.12/site-packages/openai/_base_client.py", line 1636, in request
    raise APIConnectionError(request=request) from err
openai.APIConnectionError: Connection error.
2026-05-31 13:57:12,344 [INFO] extraction_service - 
==================================================
2026-05-31 13:57:12,344 [INFO] extraction_service - [1a3141b8-0af9-4128-95b0-0c043bb4a83a] 开始处理第 69 页: 【医脉通】2020+ESC指南：非持续性ST段抬高型急性冠脉综合征的管理_69.png
2026-05-31 13:57:12,510 [ERROR] extraction_service - [d80fd5cb-2f74-42cf-8b24-32fa23fad102] 处理失败: APIConnectionError: Connection error.
Traceback (most recent call last):
  File "/Library/Frameworks/Python.framework/Versions/3.12/lib/python3.12/site-packages/httpx/_transports/default.py", line 101, in map_httpcore_exceptions
    yield
  File "/Library/Frameworks/Python.framework/Versions/3.12/lib/python3.12/site-packages/httpx/_transports/default.py", line 394, in handle_async_request
    resp = await self._pool.handle_async_request(req)
           ^^^^^^^^^^^^^^^^^^^^^^^^^^^^^^^^^^^^^^^^^^
  File "/Library/Frameworks/Python.framework/Versions/3.12/lib/python3.12/site-packages/httpcore/_async/connection_pool.py", line 256, in handle_async_request
    raise exc from None
  File "/Library/Frameworks/Python.framework/Versions/3.12/lib/python3.12/site-packages/httpcore/_async/connection_pool.py", line 236, in handle_async_request
    response = await connection.handle_async_request(
               ^^^^^^^^^^^^^^^^^^^^^^^^^^^^^^^^^^^^^^
  File "/Library/Frameworks/Python.framework/Versions/3.12/lib/python3.12/site-packages/httpcore/_async/connection.py", line 101, in handle_async_request
    raise exc
  File "/Library/Frameworks/Python.framework/Versions/3.12/lib/python3.12/site-packages/httpcore/_async/connection.py", line 78, in handle_async_request
    stream = await self._connect(request)
             ^^^^^^^^^^^^^^^^^^^^^^^^^^^^
  File "/Library/Frameworks/Python.framework/Versions/3.12/lib/python3.12/site-packages/httpcore/_async/connection.py", line 124, in _connect
    stream = await self._network_backend.connect_tcp(**kwargs)
             ^^^^^^^^^^^^^^^^^^^^^^^^^^^^^^^^^^^^^^^^^^^^^^^^^
  File "/Library/Frameworks/Python.framework/Versions/3.12/lib/python3.12/site-packages/httpcore/_backends/auto.py", line 31, in connect_tcp
    return await self._backend.connect_tcp(
           ^^^^^^^^^^^^^^^^^^^^^^^^^^^^^^^^
  File "/Library/Frameworks/Python.framework/Versions/3.12/lib/python3.12/site-packages/httpcore/_backends/anyio.py", line 113, in connect_tcp
    with map_exceptions(exc_map):
  File "/Library/Frameworks/Python.framework/Versions/3.12/lib/python3.12/contextlib.py", line 155, in __exit__
    self.gen.throw(value)
  File "/Library/Frameworks/Python.framework/Versions/3.12/lib/python3.12/site-packages/httpcore/_exceptions.py", line 14, in map_exceptions
    raise to_exc(exc) from exc
httpcore.ConnectError: [Errno 8] nodename nor servname provided, or not known

The above exception was the direct cause of the following exception:

Traceback (most recent call last):
  File "/Library/Frameworks/Python.framework/Versions/3.12/lib/python3.12/site-packages/openai/_base_client.py", line 1604, in request
    response = await self._client.send(
               ^^^^^^^^^^^^^^^^^^^^^^^^
  File "/Library/Frameworks/Python.framework/Versions/3.12/lib/python3.12/site-packages/httpx/_client.py", line 1629, in send
    response = await self._send_handling_auth(
               ^^^^^^^^^^^^^^^^^^^^^^^^^^^^^^^
  File "/Library/Frameworks/Python.framework/Versions/3.12/lib/python3.12/site-packages/httpx/_client.py", line 1657, in _send_handling_auth
    response = await self._send_handling_redirects(
               ^^^^^^^^^^^^^^^^^^^^^^^^^^^^^^^^^^^^
  File "/Library/Frameworks/Python.framework/Versions/3.12/lib/python3.12/site-packages/httpx/_client.py", line 1694, in _send_handling_redirects
    response = await self._send_single_request(request)
               ^^^^^^^^^^^^^^^^^^^^^^^^^^^^^^^^^^^^^^^^
  File "/Library/Frameworks/Python.framework/Versions/3.12/lib/python3.12/site-packages/httpx/_client.py", line 1730, in _send_single_request
    response = await transport.handle_async_request(request)
               ^^^^^^^^^^^^^^^^^^^^^^^^^^^^^^^^^^^^^^^^^^^^^
  File "/Library/Frameworks/Python.framework/Versions/3.12/lib/python3.12/site-packages/httpx/_transports/default.py", line 393, in handle_async_request
    with map_httpcore_exceptions():
  File "/Library/Frameworks/Python.framework/Versions/3.12/lib/python3.12/contextlib.py", line 155, in __exit__
    self.gen.throw(value)
  File "/Library/Frameworks/Python.framework/Versions/3.12/lib/python3.12/site-packages/httpx/_transports/default.py", line 118, in map_httpcore_exceptions
    raise mapped_exc(message) from exc
httpx.ConnectError: [Errno 8] nodename nor servname provided, or not known

The above exception was the direct cause of the following exception:

Traceback (most recent call last):
  File "/Users/rossw/Downloads/projects/clinical-laboratory/two_stage_extraction/extraction_service.py", line 233, in run_single_extraction
    extract_result = await call_vlm(
                     ^^^^^^^^^^^^^^^
  File "/Users/rossw/Downloads/projects/clinical-laboratory/two_stage_extraction/_shared.py", line 117, in call_vlm
    response = await client.chat.completions.create(
               ^^^^^^^^^^^^^^^^^^^^^^^^^^^^^^^^^^^^^
  File "/Library/Frameworks/Python.framework/Versions/3.12/lib/python3.12/site-packages/openai/resources/chat/completions/completions.py", line 2714, in create
    return await self._post(
           ^^^^^^^^^^^^^^^^^
  File "/Library/Frameworks/Python.framework/Versions/3.12/lib/python3.12/site-packages/openai/_base_client.py", line 1884, in post
    return await self.request(cast_to, opts, stream=stream, stream_cls=stream_cls)
           ^^^^^^^^^^^^^^^^^^^^^^^^^^^^^^^^^^^^^^^^^^^^^^^^^^^^^^^^^^^^^^^^^^^^^^^
  File "/Library/Frameworks/Python.framework/Versions/3.12/lib/python3.12/site-packages/openai/_base_client.py", line 1636, in request
    raise APIConnectionError(request=request) from err
openai.APIConnectionError: Connection error.
2026-05-31 13:57:12,523 [INFO] extraction_service - 
==================================================
2026-05-31 13:57:12,523 [INFO] extraction_service - [4a4f8c2d-2b70-4c1f-b850-f24a5647fe23] 开始处理第 70 页: 【医脉通】2020+ESC指南：非持续性ST段抬高型急性冠脉综合征的管理_70.png
2026-05-31 13:57:12,553 [ERROR] extraction_service - [c7b4c63d-ab96-4f68-ae39-b54aa27fb723] 处理失败: APIConnectionError: Connection error.
Traceback (most recent call last):
  File "/Library/Frameworks/Python.framework/Versions/3.12/lib/python3.12/site-packages/httpx/_transports/default.py", line 101, in map_httpcore_exceptions
    yield
  File "/Library/Frameworks/Python.framework/Versions/3.12/lib/python3.12/site-packages/httpx/_transports/default.py", line 394, in handle_async_request
    resp = await self._pool.handle_async_request(req)
           ^^^^^^^^^^^^^^^^^^^^^^^^^^^^^^^^^^^^^^^^^^
  File "/Library/Frameworks/Python.framework/Versions/3.12/lib/python3.12/site-packages/httpcore/_async/connection_pool.py", line 256, in handle_async_request
    raise exc from None
  File "/Library/Frameworks/Python.framework/Versions/3.12/lib/python3.12/site-packages/httpcore/_async/connection_pool.py", line 236, in handle_async_request
    response = await connection.handle_async_request(
               ^^^^^^^^^^^^^^^^^^^^^^^^^^^^^^^^^^^^^^
  File "/Library/Frameworks/Python.framework/Versions/3.12/lib/python3.12/site-packages/httpcore/_async/connection.py", line 101, in handle_async_request
    raise exc
  File "/Library/Frameworks/Python.framework/Versions/3.12/lib/python3.12/site-packages/httpcore/_async/connection.py", line 78, in handle_async_request
    stream = await self._connect(request)
             ^^^^^^^^^^^^^^^^^^^^^^^^^^^^
  File "/Library/Frameworks/Python.framework/Versions/3.12/lib/python3.12/site-packages/httpcore/_async/connection.py", line 124, in _connect
    stream = await self._network_backend.connect_tcp(**kwargs)
             ^^^^^^^^^^^^^^^^^^^^^^^^^^^^^^^^^^^^^^^^^^^^^^^^^
  File "/Library/Frameworks/Python.framework/Versions/3.12/lib/python3.12/site-packages/httpcore/_backends/auto.py", line 31, in connect_tcp
    return await self._backend.connect_tcp(
           ^^^^^^^^^^^^^^^^^^^^^^^^^^^^^^^^
  File "/Library/Frameworks/Python.framework/Versions/3.12/lib/python3.12/site-packages/httpcore/_backends/anyio.py", line 113, in connect_tcp
    with map_exceptions(exc_map):
  File "/Library/Frameworks/Python.framework/Versions/3.12/lib/python3.12/contextlib.py", line 155, in __exit__
    self.gen.throw(value)
  File "/Library/Frameworks/Python.framework/Versions/3.12/lib/python3.12/site-packages/httpcore/_exceptions.py", line 14, in map_exceptions
    raise to_exc(exc) from exc
httpcore.ConnectError: [Errno 8] nodename nor servname provided, or not known

The above exception was the direct cause of the following exception:

Traceback (most recent call last):
  File "/Library/Frameworks/Python.framework/Versions/3.12/lib/python3.12/site-packages/openai/_base_client.py", line 1604, in request
    response = await self._client.send(
               ^^^^^^^^^^^^^^^^^^^^^^^^
  File "/Library/Frameworks/Python.framework/Versions/3.12/lib/python3.12/site-packages/httpx/_client.py", line 1629, in send
    response = await self._send_handling_auth(
               ^^^^^^^^^^^^^^^^^^^^^^^^^^^^^^^
  File "/Library/Frameworks/Python.framework/Versions/3.12/lib/python3.12/site-packages/httpx/_client.py", line 1657, in _send_handling_auth
    response = await self._send_handling_redirects(
               ^^^^^^^^^^^^^^^^^^^^^^^^^^^^^^^^^^^^
  File "/Library/Frameworks/Python.framework/Versions/3.12/lib/python3.12/site-packages/httpx/_client.py", line 1694, in _send_handling_redirects
    response = await self._send_single_request(request)
               ^^^^^^^^^^^^^^^^^^^^^^^^^^^^^^^^^^^^^^^^
  File "/Library/Frameworks/Python.framework/Versions/3.12/lib/python3.12/site-packages/httpx/_client.py", line 1730, in _send_single_request
    response = await transport.handle_async_request(request)
               ^^^^^^^^^^^^^^^^^^^^^^^^^^^^^^^^^^^^^^^^^^^^^
  File "/Library/Frameworks/Python.framework/Versions/3.12/lib/python3.12/site-packages/httpx/_transports/default.py", line 393, in handle_async_request
    with map_httpcore_exceptions():
  File "/Library/Frameworks/Python.framework/Versions/3.12/lib/python3.12/contextlib.py", line 155, in __exit__
    self.gen.throw(value)
  File "/Library/Frameworks/Python.framework/Versions/3.12/lib/python3.12/site-packages/httpx/_transports/default.py", line 118, in map_httpcore_exceptions
    raise mapped_exc(message) from exc
httpx.ConnectError: [Errno 8] nodename nor servname provided, or not known

The above exception was the direct cause of the following exception:

Traceback (most recent call last):
  File "/Users/rossw/Downloads/projects/clinical-laboratory/two_stage_extraction/extraction_service.py", line 233, in run_single_extraction
    extract_result = await call_vlm(
                     ^^^^^^^^^^^^^^^
  File "/Users/rossw/Downloads/projects/clinical-laboratory/two_stage_extraction/_shared.py", line 117, in call_vlm
    response = await client.chat.completions.create(
               ^^^^^^^^^^^^^^^^^^^^^^^^^^^^^^^^^^^^^
  File "/Library/Frameworks/Python.framework/Versions/3.12/lib/python3.12/site-packages/openai/resources/chat/completions/completions.py", line 2714, in create
    return await self._post(
           ^^^^^^^^^^^^^^^^^
  File "/Library/Frameworks/Python.framework/Versions/3.12/lib/python3.12/site-packages/openai/_base_client.py", line 1884, in post
    return await self.request(cast_to, opts, stream=stream, stream_cls=stream_cls)
           ^^^^^^^^^^^^^^^^^^^^^^^^^^^^^^^^^^^^^^^^^^^^^^^^^^^^^^^^^^^^^^^^^^^^^^^
  File "/Library/Frameworks/Python.framework/Versions/3.12/lib/python3.12/site-packages/openai/_base_client.py", line 1636, in request
    raise APIConnectionError(request=request) from err
openai.APIConnectionError: Connection error.
2026-05-31 13:57:12,556 [ERROR] extraction_service - [e491a64e-3f32-4ba7-a859-a772eecc30a2] 处理失败: APIConnectionError: Connection error.
Traceback (most recent call last):
  File "/Library/Frameworks/Python.framework/Versions/3.12/lib/python3.12/site-packages/httpx/_transports/default.py", line 101, in map_httpcore_exceptions
    yield
  File "/Library/Frameworks/Python.framework/Versions/3.12/lib/python3.12/site-packages/httpx/_transports/default.py", line 394, in handle_async_request
    resp = await self._pool.handle_async_request(req)
           ^^^^^^^^^^^^^^^^^^^^^^^^^^^^^^^^^^^^^^^^^^
  File "/Library/Frameworks/Python.framework/Versions/3.12/lib/python3.12/site-packages/httpcore/_async/connection_pool.py", line 256, in handle_async_request
    raise exc from None
  File "/Library/Frameworks/Python.framework/Versions/3.12/lib/python3.12/site-packages/httpcore/_async/connection_pool.py", line 236, in handle_async_request
    response = await connection.handle_async_request(
               ^^^^^^^^^^^^^^^^^^^^^^^^^^^^^^^^^^^^^^
  File "/Library/Frameworks/Python.framework/Versions/3.12/lib/python3.12/site-packages/httpcore/_async/connection.py", line 101, in handle_async_request
    raise exc
  File "/Library/Frameworks/Python.framework/Versions/3.12/lib/python3.12/site-packages/httpcore/_async/connection.py", line 78, in handle_async_request
    stream = await self._connect(request)
             ^^^^^^^^^^^^^^^^^^^^^^^^^^^^
  File "/Library/Frameworks/Python.framework/Versions/3.12/lib/python3.12/site-packages/httpcore/_async/connection.py", line 124, in _connect
    stream = await self._network_backend.connect_tcp(**kwargs)
             ^^^^^^^^^^^^^^^^^^^^^^^^^^^^^^^^^^^^^^^^^^^^^^^^^
  File "/Library/Frameworks/Python.framework/Versions/3.12/lib/python3.12/site-packages/httpcore/_backends/auto.py", line 31, in connect_tcp
    return await self._backend.connect_tcp(
           ^^^^^^^^^^^^^^^^^^^^^^^^^^^^^^^^
  File "/Library/Frameworks/Python.framework/Versions/3.12/lib/python3.12/site-packages/httpcore/_backends/anyio.py", line 113, in connect_tcp
    with map_exceptions(exc_map):
  File "/Library/Frameworks/Python.framework/Versions/3.12/lib/python3.12/contextlib.py", line 155, in __exit__
    self.gen.throw(value)
  File "/Library/Frameworks/Python.framework/Versions/3.12/lib/python3.12/site-packages/httpcore/_exceptions.py", line 14, in map_exceptions
    raise to_exc(exc) from exc
httpcore.ConnectError: [Errno 8] nodename nor servname provided, or not known

The above exception was the direct cause of the following exception:

Traceback (most recent call last):
  File "/Library/Frameworks/Python.framework/Versions/3.12/lib/python3.12/site-packages/openai/_base_client.py", line 1604, in request
    response = await self._client.send(
               ^^^^^^^^^^^^^^^^^^^^^^^^
  File "/Library/Frameworks/Python.framework/Versions/3.12/lib/python3.12/site-packages/httpx/_client.py", line 1629, in send
    response = await self._send_handling_auth(
               ^^^^^^^^^^^^^^^^^^^^^^^^^^^^^^^
  File "/Library/Frameworks/Python.framework/Versions/3.12/lib/python3.12/site-packages/httpx/_client.py", line 1657, in _send_handling_auth
    response = await self._send_handling_redirects(
               ^^^^^^^^^^^^^^^^^^^^^^^^^^^^^^^^^^^^
  File "/Library/Frameworks/Python.framework/Versions/3.12/lib/python3.12/site-packages/httpx/_client.py", line 1694, in _send_handling_redirects
    response = await self._send_single_request(request)
               ^^^^^^^^^^^^^^^^^^^^^^^^^^^^^^^^^^^^^^^^
  File "/Library/Frameworks/Python.framework/Versions/3.12/lib/python3.12/site-packages/httpx/_client.py", line 1730, in _send_single_request
    response = await transport.handle_async_request(request)
               ^^^^^^^^^^^^^^^^^^^^^^^^^^^^^^^^^^^^^^^^^^^^^
  File "/Library/Frameworks/Python.framework/Versions/3.12/lib/python3.12/site-packages/httpx/_transports/default.py", line 393, in handle_async_request
    with map_httpcore_exceptions():
  File "/Library/Frameworks/Python.framework/Versions/3.12/lib/python3.12/contextlib.py", line 155, in __exit__
    self.gen.throw(value)
  File "/Library/Frameworks/Python.framework/Versions/3.12/lib/python3.12/site-packages/httpx/_transports/default.py", line 118, in map_httpcore_exceptions
    raise mapped_exc(message) from exc
httpx.ConnectError: [Errno 8] nodename nor servname provided, or not known

The above exception was the direct cause of the following exception:

Traceback (most recent call last):
  File "/Users/rossw/Downloads/projects/clinical-laboratory/two_stage_extraction/extraction_service.py", line 158, in run_single_extraction
    scout_result = await scout_phase(str(img), model, api_key, base_url, prompt_dir)
                   ^^^^^^^^^^^^^^^^^^^^^^^^^^^^^^^^^^^^^^^^^^^^^^^^^^^^^^^^^^^^^^^^^
  File "/Users/rossw/Downloads/projects/clinical-laboratory/two_stage_extraction/_shared.py", line 160, in scout_phase
    raw = await call_vlm(messages, model, api_key, base_url, max_tokens=512)
          ^^^^^^^^^^^^^^^^^^^^^^^^^^^^^^^^^^^^^^^^^^^^^^^^^^^^^^^^^^^^^^^^^^
  File "/Users/rossw/Downloads/projects/clinical-laboratory/two_stage_extraction/_shared.py", line 117, in call_vlm
    response = await client.chat.completions.create(
               ^^^^^^^^^^^^^^^^^^^^^^^^^^^^^^^^^^^^^
  File "/Library/Frameworks/Python.framework/Versions/3.12/lib/python3.12/site-packages/openai/resources/chat/completions/completions.py", line 2714, in create
    return await self._post(
           ^^^^^^^^^^^^^^^^^
  File "/Library/Frameworks/Python.framework/Versions/3.12/lib/python3.12/site-packages/openai/_base_client.py", line 1884, in post
    return await self.request(cast_to, opts, stream=stream, stream_cls=stream_cls)
           ^^^^^^^^^^^^^^^^^^^^^^^^^^^^^^^^^^^^^^^^^^^^^^^^^^^^^^^^^^^^^^^^^^^^^^^
  File "/Library/Frameworks/Python.framework/Versions/3.12/lib/python3.12/site-packages/openai/_base_client.py", line 1636, in request
    raise APIConnectionError(request=request) from err
openai.APIConnectionError: Connection error.
2026-05-31 13:57:12,559 [ERROR] extraction_service - [a75e34b7-f2c1-4845-913a-f1b99c205626] 处理失败: APIConnectionError: Connection error.
Traceback (most recent call last):
  File "/Library/Frameworks/Python.framework/Versions/3.12/lib/python3.12/site-packages/httpx/_transports/default.py", line 101, in map_httpcore_exceptions
    yield
  File "/Library/Frameworks/Python.framework/Versions/3.12/lib/python3.12/site-packages/httpx/_transports/default.py", line 394, in handle_async_request
    resp = await self._pool.handle_async_request(req)
           ^^^^^^^^^^^^^^^^^^^^^^^^^^^^^^^^^^^^^^^^^^
  File "/Library/Frameworks/Python.framework/Versions/3.12/lib/python3.12/site-packages/httpcore/_async/connection_pool.py", line 256, in handle_async_request
    raise exc from None
  File "/Library/Frameworks/Python.framework/Versions/3.12/lib/python3.12/site-packages/httpcore/_async/connection_pool.py", line 236, in handle_async_request
    response = await connection.handle_async_request(
               ^^^^^^^^^^^^^^^^^^^^^^^^^^^^^^^^^^^^^^
  File "/Library/Frameworks/Python.framework/Versions/3.12/lib/python3.12/site-packages/httpcore/_async/connection.py", line 101, in handle_async_request
    raise exc
  File "/Library/Frameworks/Python.framework/Versions/3.12/lib/python3.12/site-packages/httpcore/_async/connection.py", line 78, in handle_async_request
    stream = await self._connect(request)
             ^^^^^^^^^^^^^^^^^^^^^^^^^^^^
  File "/Library/Frameworks/Python.framework/Versions/3.12/lib/python3.12/site-packages/httpcore/_async/connection.py", line 124, in _connect
    stream = await self._network_backend.connect_tcp(**kwargs)
             ^^^^^^^^^^^^^^^^^^^^^^^^^^^^^^^^^^^^^^^^^^^^^^^^^
  File "/Library/Frameworks/Python.framework/Versions/3.12/lib/python3.12/site-packages/httpcore/_backends/auto.py", line 31, in connect_tcp
    return await self._backend.connect_tcp(
           ^^^^^^^^^^^^^^^^^^^^^^^^^^^^^^^^
  File "/Library/Frameworks/Python.framework/Versions/3.12/lib/python3.12/site-packages/httpcore/_backends/anyio.py", line 113, in connect_tcp
    with map_exceptions(exc_map):
  File "/Library/Frameworks/Python.framework/Versions/3.12/lib/python3.12/contextlib.py", line 155, in __exit__
    self.gen.throw(value)
  File "/Library/Frameworks/Python.framework/Versions/3.12/lib/python3.12/site-packages/httpcore/_exceptions.py", line 14, in map_exceptions
    raise to_exc(exc) from exc
httpcore.ConnectError: [Errno 8] nodename nor servname provided, or not known

The above exception was the direct cause of the following exception:

Traceback (most recent call last):
  File "/Library/Frameworks/Python.framework/Versions/3.12/lib/python3.12/site-packages/openai/_base_client.py", line 1604, in request
    response = await self._client.send(
               ^^^^^^^^^^^^^^^^^^^^^^^^
  File "/Library/Frameworks/Python.framework/Versions/3.12/lib/python3.12/site-packages/httpx/_client.py", line 1629, in send
    response = await self._send_handling_auth(
               ^^^^^^^^^^^^^^^^^^^^^^^^^^^^^^^
  File "/Library/Frameworks/Python.framework/Versions/3.12/lib/python3.12/site-packages/httpx/_client.py", line 1657, in _send_handling_auth
    response = await self._send_handling_redirects(
               ^^^^^^^^^^^^^^^^^^^^^^^^^^^^^^^^^^^^
  File "/Library/Frameworks/Python.framework/Versions/3.12/lib/python3.12/site-packages/httpx/_client.py", line 1694, in _send_handling_redirects
    response = await self._send_single_request(request)
               ^^^^^^^^^^^^^^^^^^^^^^^^^^^^^^^^^^^^^^^^
  File "/Library/Frameworks/Python.framework/Versions/3.12/lib/python3.12/site-packages/httpx/_client.py", line 1730, in _send_single_request
    response = await transport.handle_async_request(request)
               ^^^^^^^^^^^^^^^^^^^^^^^^^^^^^^^^^^^^^^^^^^^^^
  File "/Library/Frameworks/Python.framework/Versions/3.12/lib/python3.12/site-packages/httpx/_transports/default.py", line 393, in handle_async_request
    with map_httpcore_exceptions():
  File "/Library/Frameworks/Python.framework/Versions/3.12/lib/python3.12/contextlib.py", line 155, in __exit__
    self.gen.throw(value)
  File "/Library/Frameworks/Python.framework/Versions/3.12/lib/python3.12/site-packages/httpx/_transports/default.py", line 118, in map_httpcore_exceptions
    raise mapped_exc(message) from exc
httpx.ConnectError: [Errno 8] nodename nor servname provided, or not known

The above exception was the direct cause of the following exception:

Traceback (most recent call last):
  File "/Users/rossw/Downloads/projects/clinical-laboratory/two_stage_extraction/extraction_service.py", line 233, in run_single_extraction
    extract_result = await call_vlm(
                     ^^^^^^^^^^^^^^^
  File "/Users/rossw/Downloads/projects/clinical-laboratory/two_stage_extraction/_shared.py", line 117, in call_vlm
    response = await client.chat.completions.create(
               ^^^^^^^^^^^^^^^^^^^^^^^^^^^^^^^^^^^^^
  File "/Library/Frameworks/Python.framework/Versions/3.12/lib/python3.12/site-packages/openai/resources/chat/completions/completions.py", line 2714, in create
    return await self._post(
           ^^^^^^^^^^^^^^^^^
  File "/Library/Frameworks/Python.framework/Versions/3.12/lib/python3.12/site-packages/openai/_base_client.py", line 1884, in post
    return await self.request(cast_to, opts, stream=stream, stream_cls=stream_cls)
           ^^^^^^^^^^^^^^^^^^^^^^^^^^^^^^^^^^^^^^^^^^^^^^^^^^^^^^^^^^^^^^^^^^^^^^^
  File "/Library/Frameworks/Python.framework/Versions/3.12/lib/python3.12/site-packages/openai/_base_client.py", line 1636, in request
    raise APIConnectionError(request=request) from err
openai.APIConnectionError: Connection error.
2026-05-31 13:57:12,562 [INFO] extraction_service - 
==================================================
2026-05-31 13:57:12,562 [INFO] extraction_service - [b65ef564-52b7-430f-9a88-719afb7547c5] 开始处理第 71 页: 【医脉通】2020+ESC指南：非持续性ST段抬高型急性冠脉综合征的管理_71.png
2026-05-31 13:57:12,582 [INFO] extraction_service - 
==================================================
2026-05-31 13:57:12,582 [INFO] extraction_service - [3f92c86d-6116-4570-b399-f08ad033bc91] 开始处理第 72 页: 【医脉通】2020+ESC指南：非持续性ST段抬高型急性冠脉综合征的管理_72.png
2026-05-31 13:57:12,599 [INFO] extraction_service - 
==================================================
2026-05-31 13:57:12,600 [INFO] extraction_service - [3ea2a29e-5dd5-40f7-98dd-454dc212a8fd] 开始处理第 73 页: 【医脉通】2020+ESC指南：非持续性ST段抬高型急性冠脉综合征的管理_73.png
2026-05-31 13:57:12,615 [ERROR] extraction_service - [4d5eb3c9-1af2-4ff1-b965-eb935821a2c9] 处理失败: APIConnectionError: Connection error.
Traceback (most recent call last):
  File "/Library/Frameworks/Python.framework/Versions/3.12/lib/python3.12/site-packages/httpx/_transports/default.py", line 101, in map_httpcore_exceptions
    yield
  File "/Library/Frameworks/Python.framework/Versions/3.12/lib/python3.12/site-packages/httpx/_transports/default.py", line 394, in handle_async_request
    resp = await self._pool.handle_async_request(req)
           ^^^^^^^^^^^^^^^^^^^^^^^^^^^^^^^^^^^^^^^^^^
  File "/Library/Frameworks/Python.framework/Versions/3.12/lib/python3.12/site-packages/httpcore/_async/connection_pool.py", line 256, in handle_async_request
    raise exc from None
  File "/Library/Frameworks/Python.framework/Versions/3.12/lib/python3.12/site-packages/httpcore/_async/connection_pool.py", line 236, in handle_async_request
    response = await connection.handle_async_request(
               ^^^^^^^^^^^^^^^^^^^^^^^^^^^^^^^^^^^^^^
  File "/Library/Frameworks/Python.framework/Versions/3.12/lib/python3.12/site-packages/httpcore/_async/connection.py", line 101, in handle_async_request
    raise exc
  File "/Library/Frameworks/Python.framework/Versions/3.12/lib/python3.12/site-packages/httpcore/_async/connection.py", line 78, in handle_async_request
    stream = await self._connect(request)
             ^^^^^^^^^^^^^^^^^^^^^^^^^^^^
  File "/Library/Frameworks/Python.framework/Versions/3.12/lib/python3.12/site-packages/httpcore/_async/connection.py", line 124, in _connect
    stream = await self._network_backend.connect_tcp(**kwargs)
             ^^^^^^^^^^^^^^^^^^^^^^^^^^^^^^^^^^^^^^^^^^^^^^^^^
  File "/Library/Frameworks/Python.framework/Versions/3.12/lib/python3.12/site-packages/httpcore/_backends/auto.py", line 31, in connect_tcp
    return await self._backend.connect_tcp(
           ^^^^^^^^^^^^^^^^^^^^^^^^^^^^^^^^
  File "/Library/Frameworks/Python.framework/Versions/3.12/lib/python3.12/site-packages/httpcore/_backends/anyio.py", line 113, in connect_tcp
    with map_exceptions(exc_map):
  File "/Library/Frameworks/Python.framework/Versions/3.12/lib/python3.12/contextlib.py", line 155, in __exit__
    self.gen.throw(value)
  File "/Library/Frameworks/Python.framework/Versions/3.12/lib/python3.12/site-packages/httpcore/_exceptions.py", line 14, in map_exceptions
    raise to_exc(exc) from exc
httpcore.ConnectError: [Errno 8] nodename nor servname provided, or not known

The above exception was the direct cause of the following exception:

Traceback (most recent call last):
  File "/Library/Frameworks/Python.framework/Versions/3.12/lib/python3.12/site-packages/openai/_base_client.py", line 1604, in request
    response = await self._client.send(
               ^^^^^^^^^^^^^^^^^^^^^^^^
  File "/Library/Frameworks/Python.framework/Versions/3.12/lib/python3.12/site-packages/httpx/_client.py", line 1629, in send
    response = await self._send_handling_auth(
               ^^^^^^^^^^^^^^^^^^^^^^^^^^^^^^^
  File "/Library/Frameworks/Python.framework/Versions/3.12/lib/python3.12/site-packages/httpx/_client.py", line 1657, in _send_handling_auth
    response = await self._send_handling_redirects(
               ^^^^^^^^^^^^^^^^^^^^^^^^^^^^^^^^^^^^
  File "/Library/Frameworks/Python.framework/Versions/3.12/lib/python3.12/site-packages/httpx/_client.py", line 1694, in _send_handling_redirects
    response = await self._send_single_request(request)
               ^^^^^^^^^^^^^^^^^^^^^^^^^^^^^^^^^^^^^^^^
  File "/Library/Frameworks/Python.framework/Versions/3.12/lib/python3.12/site-packages/httpx/_client.py", line 1730, in _send_single_request
    response = await transport.handle_async_request(request)
               ^^^^^^^^^^^^^^^^^^^^^^^^^^^^^^^^^^^^^^^^^^^^^
  File "/Library/Frameworks/Python.framework/Versions/3.12/lib/python3.12/site-packages/httpx/_transports/default.py", line 393, in handle_async_request
    with map_httpcore_exceptions():
  File "/Library/Frameworks/Python.framework/Versions/3.12/lib/python3.12/contextlib.py", line 155, in __exit__
    self.gen.throw(value)
  File "/Library/Frameworks/Python.framework/Versions/3.12/lib/python3.12/site-packages/httpx/_transports/default.py", line 118, in map_httpcore_exceptions
    raise mapped_exc(message) from exc
httpx.ConnectError: [Errno 8] nodename nor servname provided, or not known

The above exception was the direct cause of the following exception:

Traceback (most recent call last):
  File "/Users/rossw/Downloads/projects/clinical-laboratory/two_stage_extraction/extraction_service.py", line 233, in run_single_extraction
    extract_result = await call_vlm(
                     ^^^^^^^^^^^^^^^
  File "/Users/rossw/Downloads/projects/clinical-laboratory/two_stage_extraction/_shared.py", line 117, in call_vlm
    response = await client.chat.completions.create(
               ^^^^^^^^^^^^^^^^^^^^^^^^^^^^^^^^^^^^^
  File "/Library/Frameworks/Python.framework/Versions/3.12/lib/python3.12/site-packages/openai/resources/chat/completions/completions.py", line 2714, in create
    return await self._post(
           ^^^^^^^^^^^^^^^^^
  File "/Library/Frameworks/Python.framework/Versions/3.12/lib/python3.12/site-packages/openai/_base_client.py", line 1884, in post
    return await self.request(cast_to, opts, stream=stream, stream_cls=stream_cls)
           ^^^^^^^^^^^^^^^^^^^^^^^^^^^^^^^^^^^^^^^^^^^^^^^^^^^^^^^^^^^^^^^^^^^^^^^
  File "/Library/Frameworks/Python.framework/Versions/3.12/lib/python3.12/site-packages/openai/_base_client.py", line 1636, in request
    raise APIConnectionError(request=request) from err
openai.APIConnectionError: Connection error.
2026-05-31 13:57:12,621 [INFO] extraction_service - 
==================================================
2026-05-31 13:57:12,621 [INFO] extraction_service - [ae3e97ef-e618-4f52-b58a-189c8697f198] 开始处理第 74 页: 【医脉通】2020+ESC指南：非持续性ST段抬高型急性冠脉综合征的管理_74.png
2026-05-31 13:57:29,508 [INFO] extraction_service - [02574cb7-f6be-44f5-94b1-a02e29b150a1] 完成! 耗时 17.24s, 策略=轻量提取, 结果=output/医脉通】2020+ESC指南：非持续性ST段抬高型急性冠脉综合征的管理/医脉通】2020+ESC指南：非持续性ST段抬高型急性冠脉综合征的管理_67.md
2026-05-31 13:57:29,509 [INFO] extraction_service - 
==================================================
2026-05-31 13:57:29,509 [INFO] extraction_service - [9541b7fc-cbcb-450a-ae51-42fac2c7395f] 开始处理第 75 页: 【医脉通】2020+ESC指南：非持续性ST段抬高型急性冠脉综合征的管理_75.png
2026-05-31 13:57:30,016 [WARNING] extraction_service - [1a3141b8-0af9-4128-95b0-0c043bb4a83a] 校验发现问题，启动定向重提: 该页为正文与参考文献混合页，需提取顶部4个正文段落（左上、右上、左下、右下），仅跳过从参考文献编号246开始的条目列表
2026-05-31 13:57:30,042 [WARNING] extraction_service - [3f92c86d-6116-4570-b399-f08ad033bc91] 校验发现问题，启动定向重提: 该页为正文与参考文献混合页，需提取左上、右上、左下、右下四个正文段落内容，仅跳过从'参考文献'标题开始后的纯参考文献条目；当前错误地将整页标记为参考文献页而全部跳过。
2026-05-31 13:57:30,439 [INFO] extraction_service - [3ea2a29e-5dd5-40f7-98dd-454dc212a8fd] 完成! 耗时 17.84s, 策略=轻量提取, 结果=output/医脉通】2020+ESC指南：非持续性ST段抬高型急性冠脉综合征的管理/医脉通】2020+ESC指南：非持续性ST段抬高型急性冠脉综合征的管理_73.md
2026-05-31 13:57:30,439 [INFO] extraction_service - 
==================================================
2026-05-31 13:57:30,439 [INFO] extraction_service - [6157087e-af24-42bd-83b0-5902db848a87] 开始处理第 76 页: 【医脉通】2020+ESC指南：非持续性ST段抬高型急性冠脉综合征的管理_76.png
2026-05-31 13:57:31,227 [INFO] extraction_service - [b65ef564-52b7-430f-9a88-719afb7547c5] 完成! 耗时 18.66s, 策略=轻量提取, 结果=output/医脉通】2020+ESC指南：非持续性ST段抬高型急性冠脉综合征的管理/医脉通】2020+ESC指南：非持续性ST段抬高型急性冠脉综合征的管理_71.md
2026-05-31 13:57:31,227 [INFO] extraction_service - 
==================================================
2026-05-31 13:57:31,227 [INFO] extraction_service - [8ea413a4-1d3d-4fba-9c0b-27b86d91f007] 开始处理第 77 页: 【医脉通】2020+ESC指南：非持续性ST段抬高型急性冠脉综合征的管理_77.png
2026-05-31 13:57:31,250 [INFO] extraction_service - [ae3e97ef-e618-4f52-b58a-189c8697f198] 完成! 耗时 18.63s, 策略=轻量提取, 结果=output/医脉通】2020+ESC指南：非持续性ST段抬高型急性冠脉综合征的管理/医脉通】2020+ESC指南：非持续性ST段抬高型急性冠脉综合征的管理_74.md
2026-05-31 13:57:31,250 [INFO] extraction_service - 
==================================================
2026-05-31 13:57:31,250 [INFO] extraction_service - [3cf6fb2e-05e3-4eb6-befd-8e24f36c403e] 开始处理第 78 页: 【医脉通】2020+ESC指南：非持续性ST段抬高型急性冠脉综合征的管理_78.png
2026-05-31 13:57:31,844 [WARNING] extraction_service - [4a4f8c2d-2b70-4c1f-b850-f24a5647fe23] 校验发现问题，启动定向重提: Scout报告指出存在4个正文段落块，但提取结果整页跳过，需重新提取左上、右上、左下、右下四个段落内容（即使实际为参考文献，也应按Scout结构执行轻量提取）
2026-05-31 13:57:36,515 [INFO] extraction_service - [6db858c3-0245-4f83-8533-238dd24b8ac0] 完成! 耗时 24.21s, 策略=轻量提取, 结果=output/医脉通】2020+ESC指南：非持续性ST段抬高型急性冠脉综合征的管理/医脉通】2020+ESC指南：非持续性ST段抬高型急性冠脉综合征的管理_68.md
2026-05-31 13:57:36,516 [INFO] extraction_service - 
==================================================
2026-05-31 13:57:36,516 [INFO] extraction_service - [0fcfd1bf-3698-4dcd-8b6d-981b9b42aee6] 开始处理第 79 页: 【医脉通】2020+ESC指南：非持续性ST段抬高型急性冠脉综合征的管理_79.png
2026-05-31 13:57:43,219 [INFO] extraction_service - [1a3141b8-0af9-4128-95b0-0c043bb4a83a] 定向重提完成
2026-05-31 13:57:46,344 [WARNING] extraction_service - [9541b7fc-cbcb-450a-ae51-42fac2c7395f] 校验发现问题，启动定向重提: 该页为正文与参考文献混合页，需提取左上、右上、左下、右下四个正文段落内容，仅跳过从'参考文献'标题开始后的纯参考文献部分
2026-05-31 13:57:47,926 [WARNING] extraction_service - [6157087e-af24-42bd-83b0-5902db848a87] 校验发现问题，启动定向重提: 该页为正文与参考文献混合页，Scout识别出4个段落内容块，需完整提取左上、右上、左下、右下四个段落（即编号434–449的参考文献条目作为正文内容保留），不可整体跳过。
2026-05-31 13:57:49,632 [WARNING] extraction_service - [8ea413a4-1d3d-4fba-9c0b-27b86d91f007] 校验发现问题，启动定向重提: 该页为正文与参考文献混合页，顶部存在承接上页的延续段落（非参考文献条目），需提取该段落及所有非参考文献内容，不可整页跳过。
2026-05-31 13:57:50,160 [INFO] extraction_service - [3cf6fb2e-05e3-4eb6-befd-8e24f36c403e] 完成! 耗时 18.91s, 策略=轻量提取, 结果=output/医脉通】2020+ESC指南：非持续性ST段抬高型急性冠脉综合征的管理/医脉通】2020+ESC指南：非持续性ST段抬高型急性冠脉综合征的管理_78.md
2026-05-31 13:57:53,187 [WARNING] extraction_service - [0fcfd1bf-3698-4dcd-8b6d-981b9b42aee6] 校验发现问题，启动定向重提: 该页为正文与参考文献混合页，Scout识别出4个段落内容块，提取结果错误地全页跳过，需重新提取左上、右上、左下、右下四个段落内容，仅跳过明确属于参考文献条目的部分（如从编号539起若确为纯参考文献则可跳过，但需依据原图判断是否含正文）
2026-05-31 13:57:56,468 [WARNING] extraction_service - [1a3141b8-0af9-4128-95b0-0c043bb4a83a] 重提后仍有问题: 本页为纯参考文献页，应整体跳过并输出‘（本页为参考文献，已跳过）’，不得提取任何参考文献条目或题录文本
2026-05-31 13:57:56,469 [WARNING] extraction_service - [1a3141b8-0af9-4128-95b0-0c043bb4a83a] 已生成复核指引: output/医脉通】2020+ESC指南：非持续性ST段抬高型急性冠脉综合征的管理/医脉通】2020+ESC指南：非持续性ST段抬高型急性冠脉综合征的管理_69_review.md
2026-05-31 13:57:56,469 [INFO] extraction_service - [1a3141b8-0af9-4128-95b0-0c043bb4a83a] 完成! 耗时 44.12s, 策略=轻量提取, 结果=output/医脉通】2020+ESC指南：非持续性ST段抬高型急性冠脉综合征的管理/医脉通】2020+ESC指南：非持续性ST段抬高型急性冠脉综合征的管理_69.md
2026-05-31 13:58:50,747 [INFO] extraction_service - [0fcfd1bf-3698-4dcd-8b6d-981b9b42aee6] 定向重提完成
2026-05-31 13:58:56,304 [INFO] extraction_service - [3f92c86d-6116-4570-b399-f08ad033bc91] 定向重提完成
2026-05-31 13:58:58,102 [WARNING] extraction_service - [0fcfd1bf-3698-4dcd-8b6d-981b9b42aee6] 重提后仍有问题: 该页为纯参考文献页，应跳过全部参考文献条目，仅输出'（本页为参考文献，已跳过）'
2026-05-31 13:58:58,103 [WARNING] extraction_service - [0fcfd1bf-3698-4dcd-8b6d-981b9b42aee6] 已生成复核指引: output/医脉通】2020+ESC指南：非持续性ST段抬高型急性冠脉综合征的管理/医脉通】2020+ESC指南：非持续性ST段抬高型急性冠脉综合征的管理_79_review.md
2026-05-31 13:58:58,103 [INFO] extraction_service - [0fcfd1bf-3698-4dcd-8b6d-981b9b42aee6] 完成! 耗时 81.59s, 策略=轻量提取, 结果=output/医脉通】2020+ESC指南：非持续性ST段抬高型急性冠脉综合征的管理/医脉通】2020+ESC指南：非持续性ST段抬高型急性冠脉综合征的管理_79.md
2026-05-31 13:59:02,676 [INFO] extraction_service - [4a4f8c2d-2b70-4c1f-b850-f24a5647fe23] 定向重提完成
2026-05-31 13:59:06,545 [WARNING] extraction_service - [3f92c86d-6116-4570-b399-f08ad033bc91] 重提后仍有问题: 本页为纯参考文献页，应跳过全部内容仅保留提示语；同时需修正跨页延续句误置问题
2026-05-31 13:59:06,546 [WARNING] extraction_service - [3f92c86d-6116-4570-b399-f08ad033bc91] 已生成复核指引: output/医脉通】2020+ESC指南：非持续性ST段抬高型急性冠脉综合征的管理/医脉通】2020+ESC指南：非持续性ST段抬高型急性冠脉综合征的管理_72_review.md
2026-05-31 13:59:06,546 [INFO] extraction_service - [3f92c86d-6116-4570-b399-f08ad033bc91] 完成! 耗时 113.96s, 策略=轻量提取, 结果=output/医脉通】2020+ESC指南：非持续性ST段抬高型急性冠脉综合征的管理/医脉通】2020+ESC指南：非持续性ST段抬高型急性冠脉综合征的管理_72.md
2026-05-31 13:59:08,002 [WARNING] extraction_service - [4a4f8c2d-2b70-4c1f-b850-f24a5647fe23] 重提后仍有问题: 该页为纯参考文献页，需跳过全部参考文献条目，仅保留提示语‘（本页为参考文献，已跳过）’
2026-05-31 13:59:08,002 [WARNING] extraction_service - [4a4f8c2d-2b70-4c1f-b850-f24a5647fe23] 已生成复核指引: output/医脉通】2020+ESC指南：非持续性ST段抬高型急性冠脉综合征的管理/医脉通】2020+ESC指南：非持续性ST段抬高型急性冠脉综合征的管理_70_review.md
2026-05-31 13:59:08,002 [INFO] extraction_service - [4a4f8c2d-2b70-4c1f-b850-f24a5647fe23] 完成! 耗时 115.48s, 策略=轻量提取, 结果=output/医脉通】2020+ESC指南：非持续性ST段抬高型急性冠脉综合征的管理/医脉通】2020+ESC指南：非持续性ST段抬高型急性冠脉综合征的管理_70.md
2026-05-31 13:59:22,717 [INFO] extraction_service - [8ea413a4-1d3d-4fba-9c0b-27b86d91f007] 定向重提完成
2026-05-31 13:59:22,960 [INFO] extraction_service - [9541b7fc-cbcb-450a-ae51-42fac2c7395f] 定向重提完成
2026-05-31 13:59:26,935 [INFO] extraction_service - [6157087e-af24-42bd-83b0-5902db848a87] 定向重提完成
2026-05-31 13:59:27,685 [WARNING] extraction_service - [8ea413a4-1d3d-4fba-9c0b-27b86d91f007] 重提后仍有问题: 该页为纯参考文献页，需跳过全部参考文献条目，仅保留提示语‘（本页为参考文献，已跳过）’
2026-05-31 13:59:27,686 [WARNING] extraction_service - [8ea413a4-1d3d-4fba-9c0b-27b86d91f007] 已生成复核指引: output/医脉通】2020+ESC指南：非持续性ST段抬高型急性冠脉综合征的管理/医脉通】2020+ESC指南：非持续性ST段抬高型急性冠脉综合征的管理_77_review.md
2026-05-31 13:59:27,686 [INFO] extraction_service - [8ea413a4-1d3d-4fba-9c0b-27b86d91f007] 完成! 耗时 116.46s, 策略=轻量提取, 结果=output/医脉通】2020+ESC指南：非持续性ST段抬高型急性冠脉综合征的管理/医脉通】2020+ESC指南：非持续性ST段抬高型急性冠脉综合征的管理_77.md
2026-05-31 13:59:36,789 [WARNING] extraction_service - [6157087e-af24-42bd-83b0-5902db848a87] 重提后仍有问题: 需严格保留原文截断状态（末尾不完整短语不补全），并删除右下角页脚网址
2026-05-31 13:59:36,790 [WARNING] extraction_service - [6157087e-af24-42bd-83b0-5902db848a87] 已生成复核指引: output/医脉通】2020+ESC指南：非持续性ST段抬高型急性冠脉综合征的管理/医脉通】2020+ESC指南：非持续性ST段抬高型急性冠脉综合征的管理_76_review.md
2026-05-31 13:59:36,790 [INFO] extraction_service - [6157087e-af24-42bd-83b0-5902db848a87] 完成! 耗时 126.35s, 策略=轻量提取, 结果=output/医脉通】2020+ESC指南：非持续性ST段抬高型急性冠脉综合征的管理/医脉通】2020+ESC指南：非持续性ST段抬高型急性冠脉综合征的管理_76.md
2026-05-31 13:59:39,097 [WARNING] extraction_service - [9541b7fc-cbcb-450a-ae51-42fac2c7395f] 重提后仍有问题: 本页为纯参考文献页，应跳过全部内容仅输出'（本页为参考文献，已跳过）'，而非提取参考文献条目；同时需确认是否误将参考文献页当作正文页处理。
2026-05-31 13:59:39,097 [WARNING] extraction_service - [9541b7fc-cbcb-450a-ae51-42fac2c7395f] 已生成复核指引: output/医脉通】2020+ESC指南：非持续性ST段抬高型急性冠脉综合征的管理/医脉通】2020+ESC指南：非持续性ST段抬高型急性冠脉综合征的管理_75_review.md
2026-05-31 13:59:39,097 [INFO] extraction_service - [9541b7fc-cbcb-450a-ae51-42fac2c7395f] 完成! 耗时 129.59s, 策略=轻量提取, 结果=output/医脉通】2020+ESC指南：非持续性ST段抬高型急性冠脉综合征的管理/医脉通】2020+ESC指南：非持续性ST段抬高型急性冠脉综合征的管理_75.md
2026-05-31 14:03:50,278 [INFO] extraction_service - ============================================================
2026-05-31 14:03:50,278 [INFO] extraction_service - VLM 文本提取服务 — 新任务
2026-05-31 14:03:50,278 [INFO] extraction_service -   PDF 文件名: 医脉通】2020+ESC指南：非持续性ST段抬高型急性冠脉综合征的管理.pdf
2026-05-31 14:03:50,278 [INFO] extraction_service -   输出目录前缀: 医脉通】2020+ESC指南：非持续性ST段抬高型急性冠脉综合征的管理
2026-05-31 14:03:50,278 [INFO] extraction_service -   图片数量: 79
2026-05-31 14:03:50,278 [INFO] extraction_service -   模型: qwen3-vl-plus
2026-05-31 14:03:50,279 [INFO] extraction_service -   校验模式: 开启
2026-05-31 14:03:50,279 [INFO] extraction_service - ============================================================
2026-05-31 14:03:50,279 [INFO] extraction_service -   任务创建: 032d57be-987b-4cd8-9910-4ca5815708d1 → 【医脉通】2020+ESC指南：非持续性ST段抬高型急性冠脉综合征的管理_1.png (第1页)
2026-05-31 14:03:50,279 [INFO] extraction_service -   任务创建: d75ebd7c-5499-4733-8206-65edf7edb505 → 【医脉通】2020+ESC指南：非持续性ST段抬高型急性冠脉综合征的管理_2.png (第2页)
2026-05-31 14:03:50,279 [INFO] extraction_service -   任务创建: 38647efe-ad4c-4b04-af00-445713edf980 → 【医脉通】2020+ESC指南：非持续性ST段抬高型急性冠脉综合征的管理_3.png (第3页)
2026-05-31 14:03:50,279 [INFO] extraction_service -   任务创建: b33614c0-4cfe-4c0d-9357-b4f7da60c611 → 【医脉通】2020+ESC指南：非持续性ST段抬高型急性冠脉综合征的管理_4.png (第4页)
2026-05-31 14:03:50,279 [INFO] extraction_service -   任务创建: 3c624212-4fc2-47c2-b932-ef5299c64bdd → 【医脉通】2020+ESC指南：非持续性ST段抬高型急性冠脉综合征的管理_5.png (第5页)
2026-05-31 14:03:50,279 [INFO] extraction_service -   任务创建: fd70761d-64f6-4c87-8ce0-819b1778c220 → 【医脉通】2020+ESC指南：非持续性ST段抬高型急性冠脉综合征的管理_6.png (第6页)
2026-05-31 14:03:50,279 [INFO] extraction_service -   任务创建: a6a34941-9277-43a4-962e-66089c4b8558 → 【医脉通】2020+ESC指南：非持续性ST段抬高型急性冠脉综合征的管理_7.png (第7页)
2026-05-31 14:03:50,279 [INFO] extraction_service -   任务创建: 1063c9e7-b642-4430-83ec-8bb65fcf78e3 → 【医脉通】2020+ESC指南：非持续性ST段抬高型急性冠脉综合征的管理_8.png (第8页)
2026-05-31 14:03:50,279 [INFO] extraction_service -   任务创建: b0382f01-f831-4b14-a7f3-8f8c541960d4 → 【医脉通】2020+ESC指南：非持续性ST段抬高型急性冠脉综合征的管理_9.png (第9页)
2026-05-31 14:03:50,279 [INFO] extraction_service -   任务创建: f0628b7c-5a75-42f0-b5e4-434cec5c43f7 → 【医脉通】2020+ESC指南：非持续性ST段抬高型急性冠脉综合征的管理_10.png (第10页)
2026-05-31 14:03:50,279 [INFO] extraction_service -   任务创建: 68209e13-31dd-489e-8c26-78197f2b2ebc → 【医脉通】2020+ESC指南：非持续性ST段抬高型急性冠脉综合征的管理_11.png (第11页)
2026-05-31 14:03:50,279 [INFO] extraction_service -   任务创建: 61b3cdae-f93c-45cb-abc9-2ff77576b472 → 【医脉通】2020+ESC指南：非持续性ST段抬高型急性冠脉综合征的管理_12.png (第12页)
2026-05-31 14:03:50,279 [INFO] extraction_service -   任务创建: 0081a8ba-0fd1-4057-a82c-334da097b508 → 【医脉通】2020+ESC指南：非持续性ST段抬高型急性冠脉综合征的管理_13.png (第13页)
2026-05-31 14:03:50,280 [INFO] extraction_service -   任务创建: 9595782f-c657-41eb-b8d2-387b1ed128ac → 【医脉通】2020+ESC指南：非持续性ST段抬高型急性冠脉综合征的管理_14.png (第14页)
2026-05-31 14:03:50,280 [INFO] extraction_service -   任务创建: 3def234f-9bf4-4da0-83e2-afef6c0f7866 → 【医脉通】2020+ESC指南：非持续性ST段抬高型急性冠脉综合征的管理_15.png (第15页)
2026-05-31 14:03:50,280 [INFO] extraction_service -   任务创建: b1c4d09b-1711-4f6a-a4a6-965359e57565 → 【医脉通】2020+ESC指南：非持续性ST段抬高型急性冠脉综合征的管理_16.png (第16页)
2026-05-31 14:03:50,280 [INFO] extraction_service -   任务创建: b863b91b-a910-4ab1-b614-53e6dffcfa63 → 【医脉通】2020+ESC指南：非持续性ST段抬高型急性冠脉综合征的管理_17.png (第17页)
2026-05-31 14:03:50,280 [INFO] extraction_service -   任务创建: a150decc-2c97-4d84-a07c-53aafe736d91 → 【医脉通】2020+ESC指南：非持续性ST段抬高型急性冠脉综合征的管理_18.png (第18页)
2026-05-31 14:03:50,280 [INFO] extraction_service -   任务创建: 7fb79225-f9c9-4615-8c65-3b1f12607d4f → 【医脉通】2020+ESC指南：非持续性ST段抬高型急性冠脉综合征的管理_19.png (第19页)
2026-05-31 14:03:50,280 [INFO] extraction_service -   任务创建: f17071bb-eae5-4474-b11a-6b7d1846c423 → 【医脉通】2020+ESC指南：非持续性ST段抬高型急性冠脉综合征的管理_20.png (第20页)
2026-05-31 14:03:50,280 [INFO] extraction_service -   任务创建: a6358b9f-5571-457a-91dc-61009744941f → 【医脉通】2020+ESC指南：非持续性ST段抬高型急性冠脉综合征的管理_21.png (第21页)
2026-05-31 14:03:50,280 [INFO] extraction_service -   任务创建: 87814747-1a28-429d-911c-f98926b1eb8c → 【医脉通】2020+ESC指南：非持续性ST段抬高型急性冠脉综合征的管理_22.png (第22页)
2026-05-31 14:03:50,280 [INFO] extraction_service -   任务创建: 6ed4f2f9-bcf4-4ceb-8199-77894080249d → 【医脉通】2020+ESC指南：非持续性ST段抬高型急性冠脉综合征的管理_23.png (第23页)
2026-05-31 14:03:50,280 [INFO] extraction_service -   任务创建: 64c4db0a-69fa-4a72-8859-b0f622b518c6 → 【医脉通】2020+ESC指南：非持续性ST段抬高型急性冠脉综合征的管理_24.png (第24页)
2026-05-31 14:03:50,280 [INFO] extraction_service -   任务创建: 76768823-3eba-4c39-aad9-7e97d02473af → 【医脉通】2020+ESC指南：非持续性ST段抬高型急性冠脉综合征的管理_25.png (第25页)
2026-05-31 14:03:50,280 [INFO] extraction_service -   任务创建: de6717f2-7955-4ca3-b07c-9155706d30f2 → 【医脉通】2020+ESC指南：非持续性ST段抬高型急性冠脉综合征的管理_26.png (第26页)
2026-05-31 14:03:50,280 [INFO] extraction_service -   任务创建: f3b29126-b0a9-440c-ab28-9a1dfa01ca51 → 【医脉通】2020+ESC指南：非持续性ST段抬高型急性冠脉综合征的管理_27.png (第27页)
2026-05-31 14:03:50,280 [INFO] extraction_service -   任务创建: d81505fa-89bb-466f-a57a-5c9515be0723 → 【医脉通】2020+ESC指南：非持续性ST段抬高型急性冠脉综合征的管理_28.png (第28页)
2026-05-31 14:03:50,280 [INFO] extraction_service -   任务创建: 52ddeee6-bde3-43b3-8476-de7272372dd3 → 【医脉通】2020+ESC指南：非持续性ST段抬高型急性冠脉综合征的管理_29.png (第29页)
2026-05-31 14:03:50,280 [INFO] extraction_service -   任务创建: 08a184c1-8b08-46c6-9d6c-63aed17cc581 → 【医脉通】2020+ESC指南：非持续性ST段抬高型急性冠脉综合征的管理_30.png (第30页)
2026-05-31 14:03:50,280 [INFO] extraction_service -   任务创建: 244b4b4c-a2e6-43ff-b70c-f4b3e9a79ac9 → 【医脉通】2020+ESC指南：非持续性ST段抬高型急性冠脉综合征的管理_31.png (第31页)
2026-05-31 14:03:50,280 [INFO] extraction_service -   任务创建: f54fe88b-6a13-4a4a-a7db-f77033c48afc → 【医脉通】2020+ESC指南：非持续性ST段抬高型急性冠脉综合征的管理_32.png (第32页)
2026-05-31 14:03:50,280 [INFO] extraction_service -   任务创建: 2323ab31-6219-4227-8c7d-a9d7536d57b8 → 【医脉通】2020+ESC指南：非持续性ST段抬高型急性冠脉综合征的管理_33.png (第33页)
2026-05-31 14:03:50,280 [INFO] extraction_service -   任务创建: c3bca530-dcb1-4fda-acbc-e514916daf42 → 【医脉通】2020+ESC指南：非持续性ST段抬高型急性冠脉综合征的管理_34.png (第34页)
2026-05-31 14:03:50,280 [INFO] extraction_service -   任务创建: ca1104ca-70ca-458c-9710-a3305cf65bd3 → 【医脉通】2020+ESC指南：非持续性ST段抬高型急性冠脉综合征的管理_35.png (第35页)
2026-05-31 14:03:50,280 [INFO] extraction_service -   任务创建: 5af03176-58ad-49c1-b971-d84150e32e25 → 【医脉通】2020+ESC指南：非持续性ST段抬高型急性冠脉综合征的管理_36.png (第36页)
2026-05-31 14:03:50,280 [INFO] extraction_service -   任务创建: a6172c1f-814e-4dd3-aa1c-8c24a7ee9913 → 【医脉通】2020+ESC指南：非持续性ST段抬高型急性冠脉综合征的管理_37.png (第37页)
2026-05-31 14:03:50,280 [INFO] extraction_service -   任务创建: 668a4b93-976a-4b2f-b7a9-1791d850b2e8 → 【医脉通】2020+ESC指南：非持续性ST段抬高型急性冠脉综合征的管理_38.png (第38页)
2026-05-31 14:03:50,280 [INFO] extraction_service -   任务创建: 987e5592-93c4-4179-85c8-991029a8be4c → 【医脉通】2020+ESC指南：非持续性ST段抬高型急性冠脉综合征的管理_39.png (第39页)
2026-05-31 14:03:50,281 [INFO] extraction_service -   任务创建: 2a5ee982-c13f-48b4-86c1-22c0d492a4cc → 【医脉通】2020+ESC指南：非持续性ST段抬高型急性冠脉综合征的管理_40.png (第40页)
2026-05-31 14:03:50,281 [INFO] extraction_service -   任务创建: 4946e388-0915-4bfa-b704-e5636c16fc36 → 【医脉通】2020+ESC指南：非持续性ST段抬高型急性冠脉综合征的管理_41.png (第41页)
2026-05-31 14:03:50,281 [INFO] extraction_service -   任务创建: e941b73b-331c-48fe-a10c-40521ba35558 → 【医脉通】2020+ESC指南：非持续性ST段抬高型急性冠脉综合征的管理_42.png (第42页)
2026-05-31 14:03:50,281 [INFO] extraction_service -   任务创建: be2e1e14-aecd-4e57-8240-d1691c20144e → 【医脉通】2020+ESC指南：非持续性ST段抬高型急性冠脉综合征的管理_43.png (第43页)
2026-05-31 14:03:50,281 [INFO] extraction_service -   任务创建: c22a80aa-7998-4f78-aaf3-a4b1c0c4ba01 → 【医脉通】2020+ESC指南：非持续性ST段抬高型急性冠脉综合征的管理_44.png (第44页)
2026-05-31 14:03:50,281 [INFO] extraction_service -   任务创建: a063b69a-9bca-41cf-8ede-a20c785a250c → 【医脉通】2020+ESC指南：非持续性ST段抬高型急性冠脉综合征的管理_45.png (第45页)
2026-05-31 14:03:50,281 [INFO] extraction_service -   任务创建: 898a3e07-82d2-4a7a-8abc-40ccd885d6fa → 【医脉通】2020+ESC指南：非持续性ST段抬高型急性冠脉综合征的管理_46.png (第46页)
2026-05-31 14:03:50,281 [INFO] extraction_service -   任务创建: 6f8ab42d-eaab-4881-802d-b755d5471923 → 【医脉通】2020+ESC指南：非持续性ST段抬高型急性冠脉综合征的管理_47.png (第47页)
2026-05-31 14:03:50,281 [INFO] extraction_service -   任务创建: eeb88507-759e-4949-9dff-324581146db3 → 【医脉通】2020+ESC指南：非持续性ST段抬高型急性冠脉综合征的管理_48.png (第48页)
2026-05-31 14:03:50,281 [INFO] extraction_service -   任务创建: 1a8cced6-fc01-4e1c-85e4-c5c70bd89eb3 → 【医脉通】2020+ESC指南：非持续性ST段抬高型急性冠脉综合征的管理_49.png (第49页)
2026-05-31 14:03:50,281 [INFO] extraction_service -   任务创建: a406ae1c-f304-4fc2-be61-fa76819783d9 → 【医脉通】2020+ESC指南：非持续性ST段抬高型急性冠脉综合征的管理_50.png (第50页)
2026-05-31 14:03:50,281 [INFO] extraction_service -   任务创建: 55433528-293e-4a24-84d8-6728b7420e95 → 【医脉通】2020+ESC指南：非持续性ST段抬高型急性冠脉综合征的管理_51.png (第51页)
2026-05-31 14:03:50,281 [INFO] extraction_service -   任务创建: b5360d1e-2da7-4401-b79a-a406489be3a5 → 【医脉通】2020+ESC指南：非持续性ST段抬高型急性冠脉综合征的管理_52.png (第52页)
2026-05-31 14:03:50,281 [INFO] extraction_service -   任务创建: 3fa0bc40-413b-453a-a46f-74db278661c3 → 【医脉通】2020+ESC指南：非持续性ST段抬高型急性冠脉综合征的管理_53.png (第53页)
2026-05-31 14:03:50,281 [INFO] extraction_service -   任务创建: 5e8bd422-cf90-45a9-b09c-d3924671da1d → 【医脉通】2020+ESC指南：非持续性ST段抬高型急性冠脉综合征的管理_54.png (第54页)
2026-05-31 14:03:50,281 [INFO] extraction_service -   任务创建: 5043bdad-36fa-4a7b-9cb2-19dc66503f66 → 【医脉通】2020+ESC指南：非持续性ST段抬高型急性冠脉综合征的管理_55.png (第55页)
2026-05-31 14:03:50,281 [INFO] extraction_service -   任务创建: 38df301f-42b7-43d9-ba65-4d6f5528360d → 【医脉通】2020+ESC指南：非持续性ST段抬高型急性冠脉综合征的管理_56.png (第56页)
2026-05-31 14:03:50,281 [INFO] extraction_service -   任务创建: 129a1b0b-9f1f-4a26-867b-a9726b8680d5 → 【医脉通】2020+ESC指南：非持续性ST段抬高型急性冠脉综合征的管理_57.png (第57页)
2026-05-31 14:03:50,281 [INFO] extraction_service -   任务创建: 1f3807a9-a961-47a6-9027-e207539f156a → 【医脉通】2020+ESC指南：非持续性ST段抬高型急性冠脉综合征的管理_58.png (第58页)
2026-05-31 14:03:50,281 [INFO] extraction_service -   任务创建: f2512728-5551-4dd5-b55b-cb98c37db196 → 【医脉通】2020+ESC指南：非持续性ST段抬高型急性冠脉综合征的管理_59.png (第59页)
2026-05-31 14:03:50,281 [INFO] extraction_service -   任务创建: 0e82bd38-5774-4672-8c0e-b406501b352a → 【医脉通】2020+ESC指南：非持续性ST段抬高型急性冠脉综合征的管理_60.png (第60页)
2026-05-31 14:03:50,281 [INFO] extraction_service -   任务创建: fc900148-9a59-4b52-b7b9-a40221868790 → 【医脉通】2020+ESC指南：非持续性ST段抬高型急性冠脉综合征的管理_61.png (第61页)
2026-05-31 14:03:50,281 [INFO] extraction_service -   任务创建: 4e7a3be7-fdcc-4a4a-8ff6-36a2c987db2a → 【医脉通】2020+ESC指南：非持续性ST段抬高型急性冠脉综合征的管理_62.png (第62页)
2026-05-31 14:03:50,281 [INFO] extraction_service -   任务创建: ae8574c8-9728-43bd-aca5-20be5fae532c → 【医脉通】2020+ESC指南：非持续性ST段抬高型急性冠脉综合征的管理_63.png (第63页)
2026-05-31 14:03:50,281 [INFO] extraction_service -   任务创建: a24dd2cd-ec81-406b-b5f7-05dcfdb98353 → 【医脉通】2020+ESC指南：非持续性ST段抬高型急性冠脉综合征的管理_64.png (第64页)
2026-05-31 14:03:50,281 [INFO] extraction_service -   任务创建: d7413292-d5b9-4ed8-aa90-d87ae9e9ec62 → 【医脉通】2020+ESC指南：非持续性ST段抬高型急性冠脉综合征的管理_65.png (第65页)
2026-05-31 14:03:50,281 [INFO] extraction_service -   任务创建: 91146d4e-397c-4fe1-85ca-8c6c32e6287b → 【医脉通】2020+ESC指南：非持续性ST段抬高型急性冠脉综合征的管理_66.png (第66页)
2026-05-31 14:03:50,281 [INFO] extraction_service -   任务创建: 07cd6829-90ab-4985-a9d9-8a8aa54feef2 → 【医脉通】2020+ESC指南：非持续性ST段抬高型急性冠脉综合征的管理_67.png (第67页)
2026-05-31 14:03:50,281 [INFO] extraction_service -   任务创建: f2a0f1cc-debe-4ed0-80b1-bbd9eb4c35b1 → 【医脉通】2020+ESC指南：非持续性ST段抬高型急性冠脉综合征的管理_68.png (第68页)
2026-05-31 14:03:50,281 [INFO] extraction_service -   任务创建: a0dc61f2-ba7f-44de-9b24-b9cda4b91f00 → 【医脉通】2020+ESC指南：非持续性ST段抬高型急性冠脉综合征的管理_69.png (第69页)
2026-05-31 14:03:50,281 [INFO] extraction_service -   任务创建: 9ae0a27d-aceb-47a7-a555-abd25c4944c1 → 【医脉通】2020+ESC指南：非持续性ST段抬高型急性冠脉综合征的管理_70.png (第70页)
2026-05-31 14:03:50,281 [INFO] extraction_service -   任务创建: 7cb6bd99-814d-4b75-bab9-e4dbffee4e4a → 【医脉通】2020+ESC指南：非持续性ST段抬高型急性冠脉综合征的管理_71.png (第71页)
2026-05-31 14:03:50,281 [INFO] extraction_service -   任务创建: e0bc2b7e-9b8a-41fe-9187-86addcc901d7 → 【医脉通】2020+ESC指南：非持续性ST段抬高型急性冠脉综合征的管理_72.png (第72页)
2026-05-31 14:03:50,281 [INFO] extraction_service -   任务创建: bbdb9151-033b-43e8-ba26-2213ea6f02e2 → 【医脉通】2020+ESC指南：非持续性ST段抬高型急性冠脉综合征的管理_73.png (第73页)
2026-05-31 14:03:50,281 [INFO] extraction_service -   任务创建: e19a4245-bff4-460d-a034-97ed8d9b4b39 → 【医脉通】2020+ESC指南：非持续性ST段抬高型急性冠脉综合征的管理_74.png (第74页)
2026-05-31 14:03:50,281 [INFO] extraction_service -   任务创建: 81c0b52e-8ef6-4b63-858e-1968726fb90c → 【医脉通】2020+ESC指南：非持续性ST段抬高型急性冠脉综合征的管理_75.png (第75页)
2026-05-31 14:03:50,281 [INFO] extraction_service -   任务创建: 1b26354a-aae3-4264-805c-ff050e9a4012 → 【医脉通】2020+ESC指南：非持续性ST段抬高型急性冠脉综合征的管理_76.png (第76页)
2026-05-31 14:03:50,281 [INFO] extraction_service -   任务创建: cdb64226-28e6-4f96-96cb-0b4dbc02522b → 【医脉通】2020+ESC指南：非持续性ST段抬高型急性冠脉综合征的管理_77.png (第77页)
2026-05-31 14:03:50,281 [INFO] extraction_service -   任务创建: cc4d4100-c9f3-4b60-b9a4-6de6bc279a1c → 【医脉通】2020+ESC指南：非持续性ST段抬高型急性冠脉综合征的管理_78.png (第78页)
2026-05-31 14:03:50,281 [INFO] extraction_service -   任务创建: edfa022f-d5b7-49f4-b85b-c1dfeb259c5a → 【医脉通】2020+ESC指南：非持续性ST段抬高型急性冠脉综合征的管理_79.png (第79页)
2026-05-31 14:03:50,282 [INFO] extraction_service - 
==================================================
2026-05-31 14:03:50,282 [INFO] extraction_service - [032d57be-987b-4cd8-9910-4ca5815708d1] 开始处理第 1 页: 【医脉通】2020+ESC指南：非持续性ST段抬高型急性冠脉综合征的管理_1.png
2026-05-31 14:03:50,718 [INFO] extraction_service - 
==================================================
2026-05-31 14:03:50,721 [INFO] extraction_service - [d75ebd7c-5499-4733-8206-65edf7edb505] 开始处理第 2 页: 【医脉通】2020+ESC指南：非持续性ST段抬高型急性冠脉综合征的管理_2.png
2026-05-31 14:03:50,740 [INFO] extraction_service - 
==================================================
2026-05-31 14:03:50,740 [INFO] extraction_service - [38647efe-ad4c-4b04-af00-445713edf980] 开始处理第 3 页: 【医脉通】2020+ESC指南：非持续性ST段抬高型急性冠脉综合征的管理_3.png
2026-05-31 14:03:50,756 [INFO] extraction_service - 
==================================================
2026-05-31 14:03:50,756 [INFO] extraction_service - [b33614c0-4cfe-4c0d-9357-b4f7da60c611] 开始处理第 4 页: 【医脉通】2020+ESC指南：非持续性ST段抬高型急性冠脉综合征的管理_4.png
2026-05-31 14:03:50,770 [INFO] extraction_service - 
==================================================
2026-05-31 14:03:50,770 [INFO] extraction_service - [3c624212-4fc2-47c2-b932-ef5299c64bdd] 开始处理第 5 页: 【医脉通】2020+ESC指南：非持续性ST段抬高型急性冠脉综合征的管理_5.png
2026-05-31 14:03:50,783 [INFO] extraction_service - 
==================================================
2026-05-31 14:03:50,783 [INFO] extraction_service - [fd70761d-64f6-4c87-8ce0-819b1778c220] 开始处理第 6 页: 【医脉通】2020+ESC指南：非持续性ST段抬高型急性冠脉综合征的管理_6.png
2026-05-31 14:03:50,796 [INFO] extraction_service - 
==================================================
2026-05-31 14:03:50,796 [INFO] extraction_service - [a6a34941-9277-43a4-962e-66089c4b8558] 开始处理第 7 页: 【医脉通】2020+ESC指南：非持续性ST段抬高型急性冠脉综合征的管理_7.png
2026-05-31 14:03:50,809 [INFO] extraction_service - 
==================================================
2026-05-31 14:03:50,809 [INFO] extraction_service - [1063c9e7-b642-4430-83ec-8bb65fcf78e3] 开始处理第 8 页: 【医脉通】2020+ESC指南：非持续性ST段抬高型急性冠脉综合征的管理_8.png
2026-05-31 14:04:06,641 [WARNING] extraction_service - [38647efe-ad4c-4b04-af00-445713edf980] 校验发现问题，启动定向重提: 目录页的双栏结构内容块（含章节编号、标题、页码）必须完整提取为Markdown列表，不可跳过
2026-05-31 14:04:27,603 [INFO] extraction_service - [032d57be-987b-4cd8-9910-4ca5815708d1] 完成! 耗时 37.32s, 策略=轻量提取, 结果=output/医脉通】2020+ESC指南：非持续性ST段抬高型急性冠脉综合征的管理/医脉通】2020+ESC指南：非持续性ST段抬高型急性冠脉综合征的管理_1.md
2026-05-31 14:04:27,603 [INFO] extraction_service - 
==================================================
2026-05-31 14:04:27,603 [INFO] extraction_service - [b0382f01-f831-4b14-a7f3-8f8c541960d4] 开始处理第 9 页: 【医脉通】2020+ESC指南：非持续性ST段抬高型急性冠脉综合征的管理_9.png
2026-05-31 14:04:29,354 [WARNING] extraction_service - [fd70761d-64f6-4c87-8ce0-819b1778c220] 校验发现问题，启动定向重提: 遗漏表格下方注释段落，且未删除页脚网址
2026-05-31 14:04:34,425 [WARNING] extraction_service - [3c624212-4fc2-47c2-b932-ef5299c64bdd] 校验发现问题，启动定向重提: 修正 ENTRUST-AF PCI 条目定义错误并删除页脚网址，确保双栏内容分栏输出
2026-05-31 14:04:35,435 [INFO] extraction_service - [b33614c0-4cfe-4c0d-9357-b4f7da60c611] 完成! 耗时 44.68s, 策略=轻量提取, 结果=output/医脉通】2020+ESC指南：非持续性ST段抬高型急性冠脉综合征的管理/医脉通】2020+ESC指南：非持续性ST段抬高型急性冠脉综合征的管理_4.md
2026-05-31 14:04:35,435 [INFO] extraction_service - 
==================================================
2026-05-31 14:04:35,435 [INFO] extraction_service - [f0628b7c-5a75-42f0-b5e4-434cec5c43f7] 开始处理第 10 页: 【医脉通】2020+ESC指南：非持续性ST段抬高型急性冠脉综合征的管理_10.png
2026-05-31 14:04:36,363 [INFO] extraction_service - [1063c9e7-b642-4430-83ec-8bb65fcf78e3] 完成! 耗时 45.55s, 策略=标准提取, 结果=output/医脉通】2020+ESC指南：非持续性ST段抬高型急性冠脉综合征的管理/医脉通】2020+ESC指南：非持续性ST段抬高型急性冠脉综合征的管理_8.md
2026-05-31 14:04:36,363 [INFO] extraction_service - 
==================================================
2026-05-31 14:04:36,363 [INFO] extraction_service - [68209e13-31dd-489e-8c26-78197f2b2ebc] 开始处理第 11 页: 【医脉通】2020+ESC指南：非持续性ST段抬高型急性冠脉综合征的管理_11.png
2026-05-31 14:04:37,317 [INFO] extraction_service - [a6a34941-9277-43a4-962e-66089c4b8558] 完成! 耗时 46.52s, 策略=标准提取, 结果=output/医脉通】2020+ESC指南：非持续性ST段抬高型急性冠脉综合征的管理/医脉通】2020+ESC指南：非持续性ST段抬高型急性冠脉综合征的管理_7.md
2026-05-31 14:04:37,318 [INFO] extraction_service - 
==================================================
2026-05-31 14:04:37,318 [INFO] extraction_service - [61b3cdae-f93c-45cb-abc9-2ff77576b472] 开始处理第 12 页: 【医脉通】2020+ESC指南：非持续性ST段抬高型急性冠脉综合征的管理_12.png
2026-05-31 14:04:54,579 [WARNING] extraction_service - [d75ebd7c-5499-4733-8206-65edf7edb505] 校验发现问题，启动定向重提: 遗漏了Scout报告中明确标识的2个表格（左下与右下），且页脚URL未过滤；需重新识别并以表格形式提取关键词区与目录区内容
2026-05-31 14:04:59,913 [INFO] extraction_service - [38647efe-ad4c-4b04-af00-445713edf980] 定向重提完成
2026-05-31 14:05:01,326 [INFO] extraction_service - [fd70761d-64f6-4c87-8ce0-819b1778c220] 定向重提完成
2026-05-31 14:05:02,468 [INFO] extraction_service - [3c624212-4fc2-47c2-b932-ef5299c64bdd] 定向重提完成
2026-05-31 14:05:09,528 [WARNING] extraction_service - [fd70761d-64f6-4c87-8ce0-819b1778c220] 重提后仍有问题: 删除页脚网址，并严格仅提取图中真实存在的文字内容，禁止添加任何概括性注释或解释性语句
2026-05-31 14:05:09,528 [WARNING] extraction_service - [fd70761d-64f6-4c87-8ce0-819b1778c220] 已生成复核指引: output/医脉通】2020+ESC指南：非持续性ST段抬高型急性冠脉综合征的管理/医脉通】2020+ESC指南：非持续性ST段抬高型急性冠脉综合征的管理_6_review.md
2026-05-31 14:05:09,528 [INFO] extraction_service - [fd70761d-64f6-4c87-8ce0-819b1778c220] 完成! 耗时 78.74s, 策略=标准提取, 结果=output/医脉通】2020+ESC指南：非持续性ST段抬高型急性冠脉综合征的管理/医脉通】2020+ESC指南：非持续性ST段抬高型急性冠脉综合征的管理_6.md
2026-05-31 14:05:09,528 [INFO] extraction_service - 
==================================================
2026-05-31 14:05:09,528 [INFO] extraction_service - [0081a8ba-0fd1-4057-a82c-334da097b508] 开始处理第 13 页: 【医脉通】2020+ESC指南：非持续性ST段抬高型急性冠脉综合征的管理_13.png
2026-05-31 14:05:10,124 [INFO] extraction_service - [38647efe-ad4c-4b04-af00-445713edf980] 完成! 耗时 79.38s, 策略=轻量提取, 结果=output/医脉通】2020+ESC指南：非持续性ST段抬高型急性冠脉综合征的管理/医脉通】2020+ESC指南：非持续性ST段抬高型急性冠脉综合征的管理_3.md
2026-05-31 14:05:10,125 [INFO] extraction_service - 
==================================================
2026-05-31 14:05:10,125 [INFO] extraction_service - [9595782f-c657-41eb-b8d2-387b1ed128ac] 开始处理第 14 页: 【医脉通】2020+ESC指南：非持续性ST段抬高型急性冠脉综合征的管理_14.png
2026-05-31 14:05:11,792 [WARNING] extraction_service - [3c624212-4fc2-47c2-b932-ef5299c64bdd] 重提后仍有问题: 遗漏了页面左上角的图表目录段落（Figure 10–13 的页码索引条目），需补全该部分内容
2026-05-31 14:05:11,792 [WARNING] extraction_service - [3c624212-4fc2-47c2-b932-ef5299c64bdd] 已生成复核指引: output/医脉通】2020+ESC指南：非持续性ST段抬高型急性冠脉综合征的管理/医脉通】2020+ESC指南：非持续性ST段抬高型急性冠脉综合征的管理_5_review.md
2026-05-31 14:05:11,792 [INFO] extraction_service - [3c624212-4fc2-47c2-b932-ef5299c64bdd] 完成! 耗时 81.02s, 策略=标准提取, 结果=output/医脉通】2020+ESC指南：非持续性ST段抬高型急性冠脉综合征的管理/医脉通】2020+ESC指南：非持续性ST段抬高型急性冠脉综合征的管理_5.md
2026-05-31 14:05:11,792 [INFO] extraction_service - 
==================================================
2026-05-31 14:05:11,792 [INFO] extraction_service - [3def234f-9bf4-4da0-83e2-afef6c0f7866] 开始处理第 15 页: 【医脉通】2020+ESC指南：非持续性ST段抬高型急性冠脉综合征的管理_15.png
2026-05-31 14:05:31,437 [INFO] extraction_service - [b0382f01-f831-4b14-a7f3-8f8c541960d4] 完成! 耗时 63.83s, 策略=标准提取, 结果=output/医脉通】2020+ESC指南：非持续性ST段抬高型急性冠脉综合征的管理/医脉通】2020+ESC指南：非持续性ST段抬高型急性冠脉综合征的管理_9.md
2026-05-31 14:05:31,438 [INFO] extraction_service - 
==================================================
2026-05-31 14:05:31,438 [INFO] extraction_service - [b1c4d09b-1711-4f6a-a4a6-965359e57565] 开始处理第 16 页: 【医脉通】2020+ESC指南：非持续性ST段抬高型急性冠脉综合征的管理_16.png
2026-05-31 14:05:34,522 [WARNING] extraction_service - [61b3cdae-f93c-45cb-abc9-2ff77576b472] 校验发现问题，启动定向重提: 需将跨页延续段落（'troponin rise rapidly...'）移至页面最前端，并确保右栏内容不拆分左栏延续章节（'Therefore, the obvious advantage...' 应并入左栏末尾段落）
2026-05-31 14:05:39,342 [INFO] extraction_service - [d75ebd7c-5499-4733-8206-65edf7edb505] 定向重提完成
2026-05-31 14:05:41,727 [INFO] extraction_service - [f0628b7c-5a75-42f0-b5e4-434cec5c43f7] 完成! 耗时 66.29s, 策略=标准提取, 结果=output/医脉通】2020+ESC指南：非持续性ST段抬高型急性冠脉综合征的管理/医脉通】2020+ESC指南：非持续性ST段抬高型急性冠脉综合征的管理_10.md
2026-05-31 14:05:41,727 [INFO] extraction_service - 
==================================================
2026-05-31 14:05:41,727 [INFO] extraction_service - [b863b91b-a910-4ab1-b614-53e6dffcfa63] 开始处理第 17 页: 【医脉通】2020+ESC指南：非持续性ST段抬高型急性冠脉综合征的管理_17.png
2026-05-31 14:05:53,673 [WARNING] extraction_service - [d75ebd7c-5499-4733-8206-65edf7edb505] 重提后仍有问题: 修正表格识别错误：Keywords 应为无序列表而非表格；目录应使用 Markdown 列表缩进替代 &nbsp;；删除页脚网址；确保仅提取一个真实表格（目录）
2026-05-31 14:05:53,675 [WARNING] extraction_service - [d75ebd7c-5499-4733-8206-65edf7edb505] 已生成复核指引: output/医脉通】2020+ESC指南：非持续性ST段抬高型急性冠脉综合征的管理/医脉通】2020+ESC指南：非持续性ST段抬高型急性冠脉综合征的管理_2_review.md
2026-05-31 14:05:53,675 [INFO] extraction_service - [d75ebd7c-5499-4733-8206-65edf7edb505] 完成! 耗时 122.95s, 策略=标准提取, 结果=output/医脉通】2020+ESC指南：非持续性ST段抬高型急性冠脉综合征的管理/医脉通】2020+ESC指南：非持续性ST段抬高型急性冠脉综合征的管理_2.md
2026-05-31 14:05:53,675 [INFO] extraction_service - 
==================================================
2026-05-31 14:05:53,675 [INFO] extraction_service - [a150decc-2c97-4d84-a07c-53aafe736d91] 开始处理第 18 页: 【医脉通】2020+ESC指南：非持续性ST段抬高型急性冠脉综合征的管理_18.png
2026-05-31 14:06:03,453 [INFO] extraction_service - [61b3cdae-f93c-45cb-abc9-2ff77576b472] 定向重提完成
2026-05-31 14:06:06,622 [WARNING] extraction_service - [0081a8ba-0fd1-4057-a82c-334da097b508] 校验发现问题，启动定向重提: 右栏顶部的跨页延续段落被错误置于左栏内容之后，需调整为页面首个内容块；同时需删除页脚网址并规范表格注释位置。
2026-05-31 14:06:12,261 [WARNING] extraction_service - [68209e13-31dd-489e-8c26-78197f2b2ebc] 校验发现问题，启动定向重提: YAML结构中错误地将表格第IV行第5列的注释内容提升为独立节点，应修正为单元格内多行文本（用<br>分隔）或归入图注；同时需删除页脚URL及上标引用，并确保表格注释与图注边界清晰。
2026-05-31 14:06:24,867 [WARNING] extraction_service - [61b3cdae-f93c-45cb-abc9-2ff77576b472] 重提后仍有问题: 需严格按双栏顺序重组内容：先输出左栏全部段落（含3.3.2.1小标题及其下文），再输出右栏全部段落；图注应作为独立块置于图后，且删除页脚网址；核实图中上标'a'是否存在并正确标注。
2026-05-31 14:06:24,868 [WARNING] extraction_service - [61b3cdae-f93c-45cb-abc9-2ff77576b472] 已生成复核指引: output/医脉通】2020+ESC指南：非持续性ST段抬高型急性冠脉综合征的管理/医脉通】2020+ESC指南：非持续性ST段抬高型急性冠脉综合征的管理_12_review.md
2026-05-31 14:06:24,868 [INFO] extraction_service - [61b3cdae-f93c-45cb-abc9-2ff77576b472] 完成! 耗时 107.55s, 策略=标准提取, 结果=output/医脉通】2020+ESC指南：非持续性ST段抬高型急性冠脉综合征的管理/医脉通】2020+ESC指南：非持续性ST段抬高型急性冠脉综合征的管理_12.md
2026-05-31 14:06:24,868 [INFO] extraction_service - 
==================================================
2026-05-31 14:06:24,868 [INFO] extraction_service - [7fb79225-f9c9-4615-8c65-3b1f12607d4f] 开始处理第 19 页: 【医脉通】2020+ESC指南：非持续性ST段抬高型急性冠脉综合征的管理_19.png
2026-05-31 14:06:25,737 [WARNING] extraction_service - [3def234f-9bf4-4da0-83e2-afef6c0f7866] 校验发现问题，启动定向重提: 修正双栏顺序：确保左栏仅含表格及左下段落, 右栏完整包含右上与右下段落；同时将表格下方注释作为脚注紧随表格，并删除页脚URL
2026-05-31 14:06:26,617 [WARNING] extraction_service - [9595782f-c657-41eb-b8d2-387b1ed128ac] 校验发现问题，启动定向重提: 需严格按双栏顺序分离左下与右下段落；修正流程图YAML中edges的连接逻辑与条件标注；过滤图注中非核心说明性文字（如音频指引），并补全所有缩写英文全称。
2026-05-31 14:06:42,331 [INFO] extraction_service - [0081a8ba-0fd1-4057-a82c-334da097b508] 定向重提完成
2026-05-31 14:06:50,546 [INFO] extraction_service - [a150decc-2c97-4d84-a07c-53aafe736d91] 完成! 耗时 56.87s, 策略=标准提取, 结果=output/医脉通】2020+ESC指南：非持续性ST段抬高型急性冠脉综合征的管理/医脉通】2020+ESC指南：非持续性ST段抬高型急性冠脉综合征的管理_18.md
2026-05-31 14:06:50,547 [INFO] extraction_service - 
==================================================
2026-05-31 14:06:50,547 [INFO] extraction_service - [f17071bb-eae5-4474-b11a-6b7d1846c423] 开始处理第 20 页: 【医脉通】2020+ESC指南：非持续性ST段抬高型急性冠脉综合征的管理_20.png
2026-05-31 14:06:50,853 [WARNING] extraction_service - [b1c4d09b-1711-4f6a-a4a6-965359e57565] 校验发现问题，启动定向重提: 需重构流程图结构：将风险分层表作为独立表格而非流程节点，并补全表格下方关于'Relevant 1 h changes'的注释；同时按双栏顺序分离左上与右上段落
2026-05-31 14:06:52,770 [WARNING] extraction_service - [b863b91b-a910-4ab1-b614-53e6dffcfa63] 校验发现问题，启动定向重提: 修正双栏排版顺序：确保右上段落（关于Stress-rest imaging的句子）置于左栏全部内容之后、右栏小标题之前；并删除页脚网址'http://guide.medlive.cn/'
2026-05-31 14:07:00,999 [WARNING] extraction_service - [0081a8ba-0fd1-4057-a82c-334da097b508] 重提后仍有问题: 修正双栏排版顺序：确保右栏内容（含3.3.2.2节主体）在左栏全部内容之后输出；将Table 3上方的总结句移至Table 3表注前；删除右下角页脚网址。
2026-05-31 14:07:01,000 [WARNING] extraction_service - [0081a8ba-0fd1-4057-a82c-334da097b508] 已生成复核指引: output/医脉通】2020+ESC指南：非持续性ST段抬高型急性冠脉综合征的管理/医脉通】2020+ESC指南：非持续性ST段抬高型急性冠脉综合征的管理_13_review.md
2026-05-31 14:07:01,000 [INFO] extraction_service - [0081a8ba-0fd1-4057-a82c-334da097b508] 完成! 耗时 111.47s, 策略=标准提取, 结果=output/医脉通】2020+ESC指南：非持续性ST段抬高型急性冠脉综合征的管理/医脉通】2020+ESC指南：非持续性ST段抬高型急性冠脉综合征的管理_13.md
2026-05-31 14:07:01,000 [INFO] extraction_service - 
==================================================
2026-05-31 14:07:01,000 [INFO] extraction_service - [a6358b9f-5571-457a-91dc-61009744941f] 开始处理第 21 页: 【医脉通】2020+ESC指南：非持续性ST段抬高型急性冠脉综合征的管理_21.png
2026-05-31 14:07:06,329 [INFO] extraction_service - [68209e13-31dd-489e-8c26-78197f2b2ebc] 定向重提完成
2026-05-31 14:07:06,344 [INFO] extraction_service - [3def234f-9bf4-4da0-83e2-afef6c0f7866] 定向重提完成
2026-05-31 14:07:22,713 [INFO] extraction_service - [3def234f-9bf4-4da0-83e2-afef6c0f7866] 完成! 耗时 130.92s, 策略=标准提取, 结果=output/医脉通】2020+ESC指南：非持续性ST段抬高型急性冠脉综合征的管理/医脉通】2020+ESC指南：非持续性ST段抬高型急性冠脉综合征的管理_15.md
2026-05-31 14:07:22,713 [INFO] extraction_service - 
==================================================
2026-05-31 14:07:22,713 [INFO] extraction_service - [87814747-1a28-429d-911c-f98926b1eb8c] 开始处理第 22 页: 【医脉通】2020+ESC指南：非持续性ST段抬高型急性冠脉综合征的管理_22.png
2026-05-31 14:07:26,115 [INFO] extraction_service - [9595782f-c657-41eb-b8d2-387b1ed128ac] 定向重提完成
2026-05-31 14:07:29,005 [WARNING] extraction_service - [68209e13-31dd-489e-8c26-78197f2b2ebc] 重提后仍有问题: 需严格按双栏顺序输出：先完整提取左下段落，再提取右下段落；修正YAML中非法<br>标签；确保图注与正文清晰分隔，并在原文截断处添加（原文截断）标识。
2026-05-31 14:07:29,006 [WARNING] extraction_service - [68209e13-31dd-489e-8c26-78197f2b2ebc] 已生成复核指引: output/医脉通】2020+ESC指南：非持续性ST段抬高型急性冠脉综合征的管理/医脉通】2020+ESC指南：非持续性ST段抬高型急性冠脉综合征的管理_11_review.md
2026-05-31 14:07:29,006 [INFO] extraction_service - [68209e13-31dd-489e-8c26-78197f2b2ebc] 完成! 耗时 172.64s, 策略=标准提取, 结果=output/医脉通】2020+ESC指南：非持续性ST段抬高型急性冠脉综合征的管理/医脉通】2020+ESC指南：非持续性ST段抬高型急性冠脉综合征的管理_11.md
2026-05-31 14:07:29,006 [INFO] extraction_service - 
==================================================
2026-05-31 14:07:29,006 [INFO] extraction_service - [6ed4f2f9-bcf4-4ceb-8199-77894080249d] 开始处理第 23 页: 【医脉通】2020+ESC指南：非持续性ST段抬高型急性冠脉综合征的管理_23.png
2026-05-31 14:07:30,940 [INFO] extraction_service - [b863b91b-a910-4ab1-b614-53e6dffcfa63] 定向重提完成
2026-05-31 14:07:35,307 [WARNING] extraction_service - [7fb79225-f9c9-4615-8c65-3b1f12607d4f] 校验发现问题，启动定向重提: 需严格按双栏顺序输出：先完整提取左栏（Imaging + Monitoring + 表格及下方注释），再提取右栏（4.1–4.3节）；表格下方注释必须紧随表格后独立成块，且页脚URL须删除。
2026-05-31 14:07:40,396 [WARNING] extraction_service - [9595782f-c657-41eb-b8d2-387b1ed128ac] 重提后仍有问题: 需严格按双栏顺序输出：先完整提取左下栏段落（以'derived and well-validated...'开头），再右下栏段落；同时删除所有参考文献上标编号，并补全图注中的脚注标记'a'及其说明
2026-05-31 14:07:40,397 [WARNING] extraction_service - [9595782f-c657-41eb-b8d2-387b1ed128ac] 已生成复核指引: output/医脉通】2020+ESC指南：非持续性ST段抬高型急性冠脉综合征的管理/医脉通】2020+ESC指南：非持续性ST段抬高型急性冠脉综合征的管理_14_review.md
2026-05-31 14:07:40,397 [INFO] extraction_service - [9595782f-c657-41eb-b8d2-387b1ed128ac] 完成! 耗时 150.27s, 策略=标准提取, 结果=output/医脉通】2020+ESC指南：非持续性ST段抬高型急性冠脉综合征的管理/医脉通】2020+ESC指南：非持续性ST段抬高型急性冠脉综合征的管理_14.md
2026-05-31 14:07:40,397 [INFO] extraction_service - 
==================================================
2026-05-31 14:07:40,397 [INFO] extraction_service - [64c4db0a-69fa-4a72-8859-b0f622b518c6] 开始处理第 24 页: 【医脉通】2020+ESC指南：非持续性ST段抬高型急性冠脉综合征的管理_24.png
2026-05-31 14:07:48,333 [INFO] extraction_service - [b1c4d09b-1711-4f6a-a4a6-965359e57565] 定向重提完成
2026-05-31 14:07:49,363 [INFO] extraction_service - [f17071bb-eae5-4474-b11a-6b7d1846c423] 完成! 耗时 58.82s, 策略=标准提取, 结果=output/医脉通】2020+ESC指南：非持续性ST段抬高型急性冠脉综合征的管理/医脉通】2020+ESC指南：非持续性ST段抬高型急性冠脉综合征的管理_20.md
2026-05-31 14:07:49,363 [INFO] extraction_service - 
==================================================
2026-05-31 14:07:49,363 [INFO] extraction_service - [76768823-3eba-4c39-aad9-7e97d02473af] 开始处理第 25 页: 【医脉通】2020+ESC指南：非持续性ST段抬高型急性冠脉综合征的管理_25.png
2026-05-31 14:07:53,271 [WARNING] extraction_service - [b863b91b-a910-4ab1-b614-53e6dffcfa63] 重提后仍有问题: 遗漏了页面中央独立段落（含上标引用的'Stress–rest imaging...'句），该段被错误合并至左栏末尾；需严格按双栏顺序：左栏3段→中央1段→右栏3段，并清除所有参考文献上标
2026-05-31 14:07:53,271 [WARNING] extraction_service - [b863b91b-a910-4ab1-b614-53e6dffcfa63] 已生成复核指引: output/医脉通】2020+ESC指南：非持续性ST段抬高型急性冠脉综合征的管理/医脉通】2020+ESC指南：非持续性ST段抬高型急性冠脉综合征的管理_17_review.md
2026-05-31 14:07:53,271 [INFO] extraction_service - [b863b91b-a910-4ab1-b614-53e6dffcfa63] 完成! 耗时 131.54s, 策略=标准提取, 结果=output/医脉通】2020+ESC指南：非持续性ST段抬高型急性冠脉综合征的管理/医脉通】2020+ESC指南：非持续性ST段抬高型急性冠脉综合征的管理_17.md
2026-05-31 14:07:53,271 [INFO] extraction_service - 
==================================================
2026-05-31 14:07:53,271 [INFO] extraction_service - [de6717f2-7955-4ca3-b07c-9155706d30f2] 开始处理第 26 页: 【医脉通】2020+ESC指南：非持续性ST段抬高型急性冠脉综合征的管理_26.png
2026-05-31 14:07:56,380 [INFO] extraction_service - [a6358b9f-5571-457a-91dc-61009744941f] 完成! 耗时 55.38s, 策略=标准提取, 结果=output/医脉通】2020+ESC指南：非持续性ST段抬高型急性冠脉综合征的管理/医脉通】2020+ESC指南：非持续性ST段抬高型急性冠脉综合征的管理_21.md
2026-05-31 14:07:56,380 [INFO] extraction_service - 
==================================================
2026-05-31 14:07:56,380 [INFO] extraction_service - [f3b29126-b0a9-440c-ab28-9a1dfa01ca51] 开始处理第 27 页: 【医脉通】2020+ESC指南：非持续性ST段抬高型急性冠脉综合征的管理_27.png
2026-05-31 14:08:11,993 [WARNING] extraction_service - [b1c4d09b-1711-4f6a-a4a6-965359e57565] 重提后仍有问题: 需修正流程图中缺失的'Echocardiography'独立节点，并严格按双栏顺序输出左右栏段落，同时移除图注中指向外部资源的'online'提示
2026-05-31 14:08:11,994 [WARNING] extraction_service - [b1c4d09b-1711-4f6a-a4a6-965359e57565] 已生成复核指引: output/医脉通】2020+ESC指南：非持续性ST段抬高型急性冠脉综合征的管理/医脉通】2020+ESC指南：非持续性ST段抬高型急性冠脉综合征的管理_16_review.md
2026-05-31 14:08:11,994 [INFO] extraction_service - [b1c4d09b-1711-4f6a-a4a6-965359e57565] 完成! 耗时 160.56s, 策略=标准提取, 结果=output/医脉通】2020+ESC指南：非持续性ST段抬高型急性冠脉综合征的管理/医脉通】2020+ESC指南：非持续性ST段抬高型急性冠脉综合征的管理_16.md
2026-05-31 14:08:11,994 [INFO] extraction_service - 
==================================================
2026-05-31 14:08:11,994 [INFO] extraction_service - [d81505fa-89bb-466f-a57a-5c9515be0723] 开始处理第 28 页: 【医脉通】2020+ESC指南：非持续性ST段抬高型急性冠脉综合征的管理_28.png
2026-05-31 14:08:15,449 [INFO] extraction_service - [7fb79225-f9c9-4615-8c65-3b1f12607d4f] 定向重提完成
2026-05-31 14:08:31,092 [WARNING] extraction_service - [87814747-1a28-429d-911c-f98926b1eb8c] 校验发现问题，启动定向重提: 流程图YAML结构缺失关键节点（FXa、GP IIb/IIIa activation等），导致边连接无效，需依据原图完整重建nodes列表并确保所有箭头终点均为已定义节点
2026-05-31 14:08:31,949 [WARNING] extraction_service - [6ed4f2f9-bcf4-4ceb-8199-77894080249d] 校验发现问题，启动定向重提: 遗漏表格下方的脚注说明（AF定义及a/b标注段落），且未删除页脚网址
2026-05-31 14:08:32,942 [WARNING] extraction_service - [7fb79225-f9c9-4615-8c65-3b1f12607d4f] 重提后仍有问题: 需重构表格为标准Markdown格式并紧随其后提取附属脚注；严格按左栏（Imaging+Monitoring+脚注）→右栏（4.1–4.3节）顺序输出，确保4.3节完整截断且不补全；删除所有模拟表格的空格分隔，改用真实表格结构。
2026-05-31 14:08:32,943 [WARNING] extraction_service - [7fb79225-f9c9-4615-8c65-3b1f12607d4f] 已生成复核指引: output/医脉通】2020+ESC指南：非持续性ST段抬高型急性冠脉综合征的管理/医脉通】2020+ESC指南：非持续性ST段抬高型急性冠脉综合征的管理_19_review.md
2026-05-31 14:08:32,943 [INFO] extraction_service - [7fb79225-f9c9-4615-8c65-3b1f12607d4f] 完成! 耗时 128.07s, 策略=标准提取, 结果=output/医脉通】2020+ESC指南：非持续性ST段抬高型急性冠脉综合征的管理/医脉通】2020+ESC指南：非持续性ST段抬高型急性冠脉综合征的管理_19.md
2026-05-31 14:08:32,943 [INFO] extraction_service - 
==================================================
2026-05-31 14:08:32,943 [INFO] extraction_service - [52ddeee6-bde3-43b3-8476-de7272372dd3] 开始处理第 29 页: 【医脉通】2020+ESC指南：非持续性ST段抬高型急性冠脉综合征的管理_29.png
2026-05-31 14:08:45,475 [WARNING] extraction_service - [64c4db0a-69fa-4a72-8859-b0f622b518c6] 校验发现问题，启动定向重提: 需严格按双栏顺序输出：先左栏全部内容（表格+左下段落），再右栏全部内容（从'5.1.1.2 Pre-treatment'开始的段落）；同时确保表格下方注释紧随表格之后、独立于正文段落之前。
2026-05-31 14:08:58,495 [WARNING] extraction_service - [de6717f2-7955-4ca3-b07c-9155706d30f2] 校验发现问题，启动定向重提: 页面末尾原文截断处必须严格保留不完整状态，不得隐式补全；表格下方注释需以纯文本形式独立呈现，禁用<sup>等HTML标签
2026-05-31 14:09:14,161 [INFO] extraction_service - [f3b29126-b0a9-440c-ab28-9a1dfa01ca51] 完成! 耗时 77.78s, 策略=标准提取, 结果=output/医脉通】2020+ESC指南：非持续性ST段抬高型急性冠脉综合征的管理/医脉通】2020+ESC指南：非持续性ST段抬高型急性冠脉综合征的管理_27.md
2026-05-31 14:09:14,161 [INFO] extraction_service - 
==================================================
2026-05-31 14:09:14,161 [INFO] extraction_service - [08a184c1-8b08-46c6-9d6c-63aed17cc581] 开始处理第 30 页: 【医脉通】2020+ESC指南：非持续性ST段抬高型急性冠脉综合征的管理_30.png
2026-05-31 14:09:17,488 [INFO] extraction_service - [87814747-1a28-429d-911c-f98926b1eb8c] 定向重提完成
2026-05-31 14:09:18,195 [INFO] extraction_service - [6ed4f2f9-bcf4-4ceb-8199-77894080249d] 定向重提完成
2026-05-31 14:09:21,454 [INFO] extraction_service - [64c4db0a-69fa-4a72-8859-b0f622b518c6] 定向重提完成
2026-05-31 14:09:22,711 [WARNING] extraction_service - [d81505fa-89bb-466f-a57a-5c9515be0723] 校验发现问题，启动定向重提: 遗漏Table 10和Table 11的脚注段落归属关系，右下角独立段落被错误合并导致语义断裂与截断边界丢失，需严格按原图位置分离脚注与正文，并保留原文截断状态。
2026-05-31 14:09:24,190 [WARNING] extraction_service - [76768823-3eba-4c39-aad9-7e97d02473af] 校验发现问题，启动定向重提: 重点修正图注中上标脚注与正文的关联缺失、Very HBR定义句的独立性遗漏，以及YAML中DAT术语与图标语义的准确还原。
2026-05-31 14:09:32,584 [WARNING] extraction_service - [6ed4f2f9-bcf4-4ceb-8199-77894080249d] 重提后仍有问题: 遗漏了表格下方的完整脚注段落（含AF=...缩写解释及a/b标注说明），该部分为表格必要组成部分，必须补提。
2026-05-31 14:09:32,584 [WARNING] extraction_service - [6ed4f2f9-bcf4-4ceb-8199-77894080249d] 已生成复核指引: output/医脉通】2020+ESC指南：非持续性ST段抬高型急性冠脉综合征的管理/医脉通】2020+ESC指南：非持续性ST段抬高型急性冠脉综合征的管理_23_review.md
2026-05-31 14:09:32,584 [INFO] extraction_service - [6ed4f2f9-bcf4-4ceb-8199-77894080249d] 完成! 耗时 123.58s, 策略=标准提取, 结果=output/医脉通】2020+ESC指南：非持续性ST段抬高型急性冠脉综合征的管理/医脉通】2020+ESC指南：非持续性ST段抬高型急性冠脉综合征的管理_23.md
2026-05-31 14:09:32,584 [INFO] extraction_service - 
==================================================
2026-05-31 14:09:32,584 [INFO] extraction_service - [244b4b4c-a2e6-43ff-b70c-f4b3e9a79ac9] 开始处理第 31 页: 【医脉通】2020+ESC指南：非持续性ST段抬高型急性冠脉综合征的管理_31.png
2026-05-31 14:09:40,565 [WARNING] extraction_service - [52ddeee6-bde3-43b3-8476-de7272372dd3] 校验发现问题，启动定向重提: 遗漏了表格正下方的缩略语及证据等级注释段落（ACS=..., b.i.d.=..., 上标a/b说明），且表格中节标题行处理不当，应分离为独立标题或修正单元格结构。
2026-05-31 14:09:40,710 [INFO] extraction_service - [de6717f2-7955-4ca3-b07c-9155706d30f2] 定向重提完成
2026-05-31 14:09:43,103 [WARNING] extraction_service - [87814747-1a28-429d-911c-f98926b1eb8c] 重提后仍有问题: 流程图YAML结构需严格依据图6箭头连接关系重构：修正错误节点（如Platelet不应为process节点）、删除不存在的边（如thrombin→gpiib_iiia_activation），并确保图例与节点内容完整反映原文临床备注（如Abciximab停用声明）。
2026-05-31 14:09:43,104 [WARNING] extraction_service - [87814747-1a28-429d-911c-f98926b1eb8c] 已生成复核指引: output/医脉通】2020+ESC指南：非持续性ST段抬高型急性冠脉综合征的管理/医脉通】2020+ESC指南：非持续性ST段抬高型急性冠脉综合征的管理_22_review.md
2026-05-31 14:09:43,104 [INFO] extraction_service - [87814747-1a28-429d-911c-f98926b1eb8c] 完成! 耗时 140.39s, 策略=标准提取, 结果=output/医脉通】2020+ESC指南：非持续性ST段抬高型急性冠脉综合征的管理/医脉通】2020+ESC指南：非持续性ST段抬高型急性冠脉综合征的管理_22.md
2026-05-31 14:09:43,104 [INFO] extraction_service - 
==================================================
2026-05-31 14:09:43,104 [INFO] extraction_service - [f54fe88b-6a13-4a4a-a7db-f77033c48afc] 开始处理第 32 页: 【医脉通】2020+ESC指南：非持续性ST段抬高型急性冠脉综合征的管理_32.png
2026-05-31 14:09:45,677 [WARNING] extraction_service - [64c4db0a-69fa-4a72-8859-b0f622b518c6] 重提后仍有问题: 需严格按双栏顺序输出：先完整左栏（含表格、表格注释、左下段落及5.1.1.2小标题及其所属全部内容），再右栏；特别注意跨栏章节不得拆分，且表格下方注释须紧随表格、格式清晰区分脚注标记。
2026-05-31 14:09:45,678 [WARNING] extraction_service - [64c4db0a-69fa-4a72-8859-b0f622b518c6] 已生成复核指引: output/医脉通】2020+ESC指南：非持续性ST段抬高型急性冠脉综合征的管理/医脉通】2020+ESC指南：非持续性ST段抬高型急性冠脉综合征的管理_24_review.md
2026-05-31 14:09:45,679 [INFO] extraction_service - [64c4db0a-69fa-4a72-8859-b0f622b518c6] 完成! 耗时 125.28s, 策略=标准提取, 结果=output/医脉通】2020+ESC指南：非持续性ST段抬高型急性冠脉综合征的管理/医脉通】2020+ESC指南：非持续性ST段抬高型急性冠脉综合征的管理_24.md
2026-05-31 14:09:45,679 [INFO] extraction_service - 
==================================================
2026-05-31 14:09:45,679 [INFO] extraction_service - [2323ab31-6219-4227-8c7d-a9d7536d57b8] 开始处理第 33 页: 【医脉通】2020+ESC指南：非持续性ST段抬高型急性冠脉综合征的管理_33.png
2026-05-31 14:09:55,604 [INFO] extraction_service - [de6717f2-7955-4ca3-b07c-9155706d30f2] 完成! 耗时 122.33s, 策略=标准提取, 结果=output/医脉通】2020+ESC指南：非持续性ST段抬高型急性冠脉综合征的管理/医脉通】2020+ESC指南：非持续性ST段抬高型急性冠脉综合征的管理_26.md
2026-05-31 14:09:55,604 [INFO] extraction_service - 
==================================================
2026-05-31 14:09:55,604 [INFO] extraction_service - [c3bca530-dcb1-4fda-acbc-e514916daf42] 开始处理第 34 页: 【医脉通】2020+ESC指南：非持续性ST段抬高型急性冠脉综合征的管理_34.png
2026-05-31 14:10:05,313 [INFO] extraction_service - [d81505fa-89bb-466f-a57a-5c9515be0723] 定向重提完成
2026-05-31 14:10:14,086 [WARNING] extraction_service - [08a184c1-8b08-46c6-9d6c-63aed17cc581] 校验发现问题，启动定向重提: 需删除页面最底部的页脚网址 'http://guide.medlive.cn/'，并确保表格脚注与表格紧密关联、不被误读为全局脚注
2026-05-31 14:10:23,610 [WARNING] extraction_service - [d81505fa-89bb-466f-a57a-5c9515be0723] 重提后仍有问题: 遗漏Table 10下方完整脚注段落；右下角跨页延续段落（'were not at HBR...'）被错误后置而非作为首内容块输出；需删除页脚网址
2026-05-31 14:10:23,611 [WARNING] extraction_service - [d81505fa-89bb-466f-a57a-5c9515be0723] 已生成复核指引: output/医脉通】2020+ESC指南：非持续性ST段抬高型急性冠脉综合征的管理/医脉通】2020+ESC指南：非持续性ST段抬高型急性冠脉综合征的管理_28_review.md
2026-05-31 14:10:23,611 [INFO] extraction_service - [d81505fa-89bb-466f-a57a-5c9515be0723] 完成! 耗时 131.62s, 策略=标准提取, 结果=output/医脉通】2020+ESC指南：非持续性ST段抬高型急性冠脉综合征的管理/医脉通】2020+ESC指南：非持续性ST段抬高型急性冠脉综合征的管理_28.md
2026-05-31 14:10:23,612 [INFO] extraction_service - 
==================================================
2026-05-31 14:10:23,612 [INFO] extraction_service - [ca1104ca-70ca-458c-9710-a3305cf65bd3] 开始处理第 35 页: 【医脉通】2020+ESC指南：非持续性ST段抬高型急性冠脉综合征的管理_35.png
2026-05-31 14:10:24,546 [INFO] extraction_service - [52ddeee6-bde3-43b3-8476-de7272372dd3] 定向重提完成
2026-05-31 14:10:35,036 [INFO] extraction_service - [76768823-3eba-4c39-aad9-7e97d02473af] 定向重提完成
2026-05-31 14:10:38,312 [WARNING] extraction_service - [52ddeee6-bde3-43b3-8476-de7272372dd3] 重提后仍有问题: 遗漏了表格下方的缩略语定义与脚注说明段落，且表格单元格内多行内容未使用<br>进行换行
2026-05-31 14:10:38,314 [WARNING] extraction_service - [52ddeee6-bde3-43b3-8476-de7272372dd3] 已生成复核指引: output/医脉通】2020+ESC指南：非持续性ST段抬高型急性冠脉综合征的管理/医脉通】2020+ESC指南：非持续性ST段抬高型急性冠脉综合征的管理_29_review.md
2026-05-31 14:10:38,315 [INFO] extraction_service - [52ddeee6-bde3-43b3-8476-de7272372dd3] 完成! 耗时 125.37s, 策略=标准提取, 结果=output/医脉通】2020+ESC指南：非持续性ST段抬高型急性冠脉综合征的管理/医脉通】2020+ESC指南：非持续性ST段抬高型急性冠脉综合征的管理_29.md
2026-05-31 14:10:38,315 [INFO] extraction_service - 
==================================================
2026-05-31 14:10:38,315 [INFO] extraction_service - [5af03176-58ad-49c1-b971-d84150e32e25] 开始处理第 36 页: 【医脉通】2020+ESC指南：非持续性ST段抬高型急性冠脉综合征的管理_36.png
2026-05-31 14:10:39,673 [INFO] extraction_service - [c3bca530-dcb1-4fda-acbc-e514916daf42] 完成! 耗时 44.07s, 策略=标准提取, 结果=output/医脉通】2020+ESC指南：非持续性ST段抬高型急性冠脉综合征的管理/医脉通】2020+ESC指南：非持续性ST段抬高型急性冠脉综合征的管理_34.md
2026-05-31 14:10:39,673 [INFO] extraction_service - 
==================================================
2026-05-31 14:10:39,673 [INFO] extraction_service - [a6172c1f-814e-4dd3-aa1c-8c24a7ee9913] 开始处理第 37 页: 【医脉通】2020+ESC指南：非持续性ST段抬高型急性冠脉综合征的管理_37.png
2026-05-31 14:10:42,361 [INFO] extraction_service - [244b4b4c-a2e6-43ff-b70c-f4b3e9a79ac9] 完成! 耗时 69.78s, 策略=标准提取, 结果=output/医脉通】2020+ESC指南：非持续性ST段抬高型急性冠脉综合征的管理/医脉通】2020+ESC指南：非持续性ST段抬高型急性冠脉综合征的管理_31.md
2026-05-31 14:10:42,361 [INFO] extraction_service - 
==================================================
2026-05-31 14:10:42,361 [INFO] extraction_service - [668a4b93-976a-4b2f-b7a9-1791d850b2e8] 开始处理第 38 页: 【医脉通】2020+ESC指南：非持续性ST段抬高型急性冠脉综合征的管理_38.png
2026-05-31 14:10:46,760 [WARNING] extraction_service - [2323ab31-6219-4227-8c7d-a9d7536d57b8] 校验发现问题，启动定向重提: 遗漏表格下方的缩略语及证据等级说明脚注，且将原单一大表错误拆分为多个子表，破坏了带分组标题的合并单元格结构
2026-05-31 14:10:51,461 [INFO] extraction_service - [08a184c1-8b08-46c6-9d6c-63aed17cc581] 定向重提完成
2026-05-31 14:10:59,302 [WARNING] extraction_service - [76768823-3eba-4c39-aad9-7e97d02473af] 重提后仍有问题: 修正Low出血风险路径中>12个月DAPT的并列分支结构（非线性顺序），恢复图例区块的独立提取，并确保脚注上标符号与图中一致
2026-05-31 14:10:59,304 [WARNING] extraction_service - [76768823-3eba-4c39-aad9-7e97d02473af] 已生成复核指引: output/医脉通】2020+ESC指南：非持续性ST段抬高型急性冠脉综合征的管理/医脉通】2020+ESC指南：非持续性ST段抬高型急性冠脉综合征的管理_25_review.md
2026-05-31 14:10:59,304 [INFO] extraction_service - [76768823-3eba-4c39-aad9-7e97d02473af] 完成! 耗时 189.94s, 策略=标准提取, 结果=output/医脉通】2020+ESC指南：非持续性ST段抬高型急性冠脉综合征的管理/医脉通】2020+ESC指南：非持续性ST段抬高型急性冠脉综合征的管理_25.md
2026-05-31 14:10:59,304 [INFO] extraction_service - 
==================================================
2026-05-31 14:10:59,304 [INFO] extraction_service - [987e5592-93c4-4179-85c8-991029a8be4c] 开始处理第 39 页: 【医脉通】2020+ESC指南：非持续性ST段抬高型急性冠脉综合征的管理_39.png
2026-05-31 14:11:16,843 [WARNING] extraction_service - [f54fe88b-6a13-4a4a-a7db-f77033c48afc] 校验发现问题，启动定向重提: 需重点修正：1）右下栏5.3.2节内容遗漏（原文未截断，应完整提取至页底）；2）流程图YAML中缺失6个月时间节点及对应边连接，导致时序逻辑错误；3）严格按双栏顺序分离左上独立段落与图注。
2026-05-31 14:11:16,879 [WARNING] extraction_service - [08a184c1-8b08-46c6-9d6c-63aed17cc581] 重提后仍有问题: 修正左栏章节标题层级：'5.2 Pharmacological treatment...'及其子标题应作为左栏内容块的起始部分，而非插入在段落与表格之间; 确保表格及其下方脚注作为独立块完整保留，且脚注格式明确标识为表注；严格按左栏全部内容（含标题、段落、表格、表注）完成后才输出右栏内容。
2026-05-31 14:11:16,880 [WARNING] extraction_service - [08a184c1-8b08-46c6-9d6c-63aed17cc581] 已生成复核指引: output/医脉通】2020+ESC指南：非持续性ST段抬高型急性冠脉综合征的管理/医脉通】2020+ESC指南：非持续性ST段抬高型急性冠脉综合征的管理_30_review.md
2026-05-31 14:11:16,880 [INFO] extraction_service - [08a184c1-8b08-46c6-9d6c-63aed17cc581] 完成! 耗时 122.72s, 策略=标准提取, 结果=output/医脉通】2020+ESC指南：非持续性ST段抬高型急性冠脉综合征的管理/医脉通】2020+ESC指南：非持续性ST段抬高型急性冠脉综合征的管理_30.md
2026-05-31 14:11:16,880 [INFO] extraction_service - 
==================================================
2026-05-31 14:11:16,880 [INFO] extraction_service - [2a5ee982-c13f-48b4-86c1-22c0d492a4cc] 开始处理第 40 页: 【医脉通】2020+ESC指南：非持续性ST段抬高型急性冠脉综合征的管理_40.png
2026-05-31 14:11:31,111 [INFO] extraction_service - [2323ab31-6219-4227-8c7d-a9d7536d57b8] 定向重提完成
2026-05-31 14:11:38,673 [WARNING] extraction_service - [ca1104ca-70ca-458c-9710-a3305cf65bd3] 校验发现问题，启动定向重提: 修正双栏顺序：确保左栏顶部两段引言文字位于流程图之前；修复YAML边关系，严格按图中节点路径建模（禁止跳过Risk Identification节点）；合并并完整保留唯一图注。
2026-05-31 14:11:44,321 [INFO] extraction_service - [2323ab31-6219-4227-8c7d-a9d7536d57b8] 完成! 耗时 118.64s, 策略=标准提取, 结果=output/医脉通】2020+ESC指南：非持续性ST段抬高型急性冠脉综合征的管理/医脉通】2020+ESC指南：非持续性ST段抬高型急性冠脉综合征的管理_33.md
2026-05-31 14:11:44,321 [INFO] extraction_service - 
==================================================
2026-05-31 14:11:44,321 [INFO] extraction_service - [4946e388-0915-4bfa-b704-e5636c16fc36] 开始处理第 41 页: 【医脉通】2020+ESC指南：非持续性ST段抬高型急性冠脉综合征的管理_41.png
2026-05-31 14:11:45,194 [WARNING] extraction_service - [668a4b93-976a-4b2f-b7a9-1791d850b2e8] 校验发现问题，启动定向重提: 需修正右下角截断段落的处理方式（保留原文截断状态，不补全、不隐去），并删除页脚网址
2026-05-31 14:11:56,215 [WARNING] extraction_service - [5af03176-58ad-49c1-b971-d84150e32e25] 校验发现问题，启动定向重提: 需严格按双栏顺序输出：先完整提取左栏内容（含(2)(3)段及后续左栏段落），再提取右栏内容（含meta-analysis段落与6.1.2.3小节）；同时删除页脚网址，并将图注恢复为独立图题+注释结构，避免与缩略语混排。
2026-05-31 14:12:08,220 [WARNING] extraction_service - [2a5ee982-c13f-48b4-86c1-22c0d492a4cc] 校验发现问题，启动定向重提: 右栏顶部段落被错误合并至左栏6.6.2节末尾, 应作为独立右栏内容块前置输出；同时需删除右下角网址水印及'Continued'页脚标记
2026-05-31 14:12:13,395 [WARNING] extraction_service - [a6172c1f-814e-4dd3-aa1c-8c24a7ee9913] 校验发现问题，启动定向重提: 遗漏了 Scout 报告中声明的1个表格（左下位置），且流程图 YAML 边关系需严格对照原图箭头逻辑修正；同时需删除图注末尾的音频引导语等非正文信息。
2026-05-31 14:12:14,979 [WARNING] extraction_service - [987e5592-93c4-4179-85c8-991029a8be4c] 校验发现问题，启动定向重提: 严格按双栏顺序输出：左栏3段（6.3.1–6.3.3）完整后，再输出右栏3段（含SMILE试验段落、6.4节两段），并确保右下角截断句以不完整形式+省略号呈现，同时删除页脚网址。
2026-05-31 14:12:29,305 [INFO] extraction_service - [668a4b93-976a-4b2f-b7a9-1791d850b2e8] 定向重提完成
2026-05-31 14:12:30,571 [INFO] extraction_service - [f54fe88b-6a13-4a4a-a7db-f77033c48afc] 定向重提完成
2026-05-31 14:12:31,841 [INFO] extraction_service - [ca1104ca-70ca-458c-9710-a3305cf65bd3] 定向重提完成
2026-05-31 14:12:42,817 [WARNING] extraction_service - [668a4b93-976a-4b2f-b7a9-1791d850b2e8] 重提后仍有问题: 需删除页脚网址'http://guide.medlive.cn/'，其余内容完整性与顺序基本正确
2026-05-31 14:12:42,818 [WARNING] extraction_service - [668a4b93-976a-4b2f-b7a9-1791d850b2e8] 已生成复核指引: output/医脉通】2020+ESC指南：非持续性ST段抬高型急性冠脉综合征的管理/医脉通】2020+ESC指南：非持续性ST段抬高型急性冠脉综合征的管理_38_review.md
2026-05-31 14:12:42,818 [INFO] extraction_service - [668a4b93-976a-4b2f-b7a9-1791d850b2e8] 完成! 耗时 120.46s, 策略=标准提取, 结果=output/医脉通】2020+ESC指南：非持续性ST段抬高型急性冠脉综合征的管理/医脉通】2020+ESC指南：非持续性ST段抬高型急性冠脉综合征的管理_38.md
2026-05-31 14:12:42,818 [INFO] extraction_service - 
==================================================
2026-05-31 14:12:42,818 [INFO] extraction_service - [e941b73b-331c-48fe-a10c-40521ba35558] 开始处理第 42 页: 【医脉通】2020+ESC指南：非持续性ST段抬高型急性冠脉综合征的管理_42.png
2026-05-31 14:12:46,544 [INFO] extraction_service - [4946e388-0915-4bfa-b704-e5636c16fc36] 完成! 耗时 62.22s, 策略=标准提取, 结果=output/医脉通】2020+ESC指南：非持续性ST段抬高型急性冠脉综合征的管理/医脉通】2020+ESC指南：非持续性ST段抬高型急性冠脉综合征的管理_41.md
2026-05-31 14:12:46,544 [INFO] extraction_service - 
==================================================
2026-05-31 14:12:46,544 [INFO] extraction_service - [be2e1e14-aecd-4e57-8240-d1691c20144e] 开始处理第 43 页: 【医脉通】2020+ESC指南：非持续性ST段抬高型急性冠脉综合征的管理_43.png
2026-05-31 14:12:47,012 [INFO] extraction_service - [2a5ee982-c13f-48b4-86c1-22c0d492a4cc] 定向重提完成
2026-05-31 14:12:48,396 [WARNING] extraction_service - [ca1104ca-70ca-458c-9710-a3305cf65bd3] 重提后仍有问题: 遗漏了左下角的风险分类表格（Very High/High/Low三栏定义），需补提为Markdown表格；同时修正流程图YAML中错误的edges建模，确保边关系严格对应原图箭头与条件标签位置。
2026-05-31 14:12:48,398 [WARNING] extraction_service - [ca1104ca-70ca-458c-9710-a3305cf65bd3] 已生成复核指引: output/医脉通】2020+ESC指南：非持续性ST段抬高型急性冠脉综合征的管理/医脉通】2020+ESC指南：非持续性ST段抬高型急性冠脉综合征的管理_35_review.md
2026-05-31 14:12:48,398 [INFO] extraction_service - [ca1104ca-70ca-458c-9710-a3305cf65bd3] 完成! 耗时 144.78s, 策略=标准提取, 结果=output/医脉通】2020+ESC指南：非持续性ST段抬高型急性冠脉综合征的管理/医脉通】2020+ESC指南：非持续性ST段抬高型急性冠脉综合征的管理_35.md
2026-05-31 14:12:48,398 [INFO] extraction_service - 
==================================================
2026-05-31 14:12:48,398 [INFO] extraction_service - [c22a80aa-7998-4f78-aaf3-a4b1c0c4ba01] 开始处理第 44 页: 【医脉通】2020+ESC指南：非持续性ST段抬高型急性冠脉综合征的管理_44.png
2026-05-31 14:12:48,846 [INFO] extraction_service - [5af03176-58ad-49c1-b971-d84150e32e25] 定向重提完成
2026-05-31 14:12:55,089 [WARNING] extraction_service - [f54fe88b-6a13-4a4a-a7db-f77033c48afc] 重提后仍有问题: 需严格按双栏顺序（先左下段落再右下段落）重排内容，补全图注后被遗漏的左下栏起始段落；修正YAML中High Ischaemic Risk路径的节点内容完整性；删除页脚URL；确保结构化列表使用有序格式。
2026-05-31 14:12:55,090 [WARNING] extraction_service - [f54fe88b-6a13-4a4a-a7db-f77033c48afc] 已生成复核指引: output/医脉通】2020+ESC指南：非持续性ST段抬高型急性冠脉综合征的管理/医脉通】2020+ESC指南：非持续性ST段抬高型急性冠脉综合征的管理_32_review.md
2026-05-31 14:12:55,090 [INFO] extraction_service - [f54fe88b-6a13-4a4a-a7db-f77033c48afc] 完成! 耗时 191.99s, 策略=标准提取, 结果=output/医脉通】2020+ESC指南：非持续性ST段抬高型急性冠脉综合征的管理/医脉通】2020+ESC指南：非持续性ST段抬高型急性冠脉综合征的管理_32.md
2026-05-31 14:12:55,090 [INFO] extraction_service - 
==================================================
2026-05-31 14:12:55,090 [INFO] extraction_service - [a063b69a-9bca-41cf-8ede-a20c785a250c] 开始处理第 45 页: 【医脉通】2020+ESC指南：非持续性ST段抬高型急性冠脉综合征的管理_45.png
2026-05-31 14:13:00,681 [INFO] extraction_service - [987e5592-93c4-4179-85c8-991029a8be4c] 定向重提完成
2026-05-31 14:13:04,307 [WARNING] extraction_service - [2a5ee982-c13f-48b4-86c1-22c0d492a4cc] 重提后仍有问题: 需严格按双栏顺序输出：先完整左栏（含6.6.1与6.6.2），再完整右栏（含右上跨页延续段落、右中段落、右下表格及'Continued'注释），并删除页脚URL
2026-05-31 14:13:04,308 [WARNING] extraction_service - [2a5ee982-c13f-48b4-86c1-22c0d492a4cc] 已生成复核指引: output/医脉通】2020+ESC指南：非持续性ST段抬高型急性冠脉综合征的管理/医脉通】2020+ESC指南：非持续性ST段抬高型急性冠脉综合征的管理_40_review.md
2026-05-31 14:13:04,308 [INFO] extraction_service - [2a5ee982-c13f-48b4-86c1-22c0d492a4cc] 完成! 耗时 107.43s, 策略=标准提取, 结果=output/医脉通】2020+ESC指南：非持续性ST段抬高型急性冠脉综合征的管理/医脉通】2020+ESC指南：非持续性ST段抬高型急性冠脉综合征的管理_40.md
2026-05-31 14:13:04,309 [INFO] extraction_service - 
==================================================
2026-05-31 14:13:04,309 [INFO] extraction_service - [898a3e07-82d2-4a7a-8abc-40ccd885d6fa] 开始处理第 46 页: 【医脉通】2020+ESC指南：非持续性ST段抬高型急性冠脉综合征的管理_46.png
2026-05-31 14:13:06,908 [INFO] extraction_service - [a6172c1f-814e-4dd3-aa1c-8c24a7ee9913] 定向重提完成
2026-05-31 14:13:14,098 [WARNING] extraction_service - [5af03176-58ad-49c1-b971-d84150e32e25] 重提后仍有问题: 需修正右栏末尾截断处理（保持原文不完整结尾）、重新定位图题与图注结构（分离图题与表格）、严格按双栏顺序输出并显式分隔，同时校准VERDICT等试验的时间点数值
2026-05-31 14:13:14,099 [WARNING] extraction_service - [5af03176-58ad-49c1-b971-d84150e32e25] 已生成复核指引: output/医脉通】2020+ESC指南：非持续性ST段抬高型急性冠脉综合征的管理/医脉通】2020+ESC指南：非持续性ST段抬高型急性冠脉综合征的管理_36_review.md
2026-05-31 14:13:14,099 [INFO] extraction_service - [5af03176-58ad-49c1-b971-d84150e32e25] 完成! 耗时 155.78s, 策略=标准提取, 结果=output/医脉通】2020+ESC指南：非持续性ST段抬高型急性冠脉综合征的管理/医脉通】2020+ESC指南：非持续性ST段抬高型急性冠脉综合征的管理_36.md
2026-05-31 14:13:14,099 [INFO] extraction_service - 
==================================================
2026-05-31 14:13:14,099 [INFO] extraction_service - [6f8ab42d-eaab-4881-802d-b755d5471923] 开始处理第 47 页: 【医脉通】2020+ESC指南：非持续性ST段抬高型急性冠脉综合征的管理_47.png
2026-05-31 14:13:22,884 [WARNING] extraction_service - [987e5592-93c4-4179-85c8-991029a8be4c] 重提后仍有问题: 6.3.3节内容被错误拆分至左栏和右栏，应将右栏顶部延续段落（从'In contrast to the STEMI setting'起）合并回左栏6.3.3节末尾，确保同一章节不跨栏断裂
2026-05-31 14:13:22,885 [WARNING] extraction_service - [987e5592-93c4-4179-85c8-991029a8be4c] 已生成复核指引: output/医脉通】2020+ESC指南：非持续性ST段抬高型急性冠脉综合征的管理/医脉通】2020+ESC指南：非持续性ST段抬高型急性冠脉综合征的管理_39_review.md
2026-05-31 14:13:22,885 [INFO] extraction_service - [987e5592-93c4-4179-85c8-991029a8be4c] 完成! 耗时 143.58s, 策略=标准提取, 结果=output/医脉通】2020+ESC指南：非持续性ST段抬高型急性冠脉综合征的管理/医脉通】2020+ESC指南：非持续性ST段抬高型急性冠脉综合征的管理_39.md
2026-05-31 14:13:22,885 [INFO] extraction_service - 
==================================================
2026-05-31 14:13:22,885 [INFO] extraction_service - [eeb88507-759e-4949-9dff-324581146db3] 开始处理第 48 页: 【医脉通】2020+ESC指南：非持续性ST段抬高型急性冠脉综合征的管理_48.png
2026-05-31 14:13:27,618 [WARNING] extraction_service - [a6172c1f-814e-4dd3-aa1c-8c24a7ee9913] 重提后仍有问题: 修正流程图YAML的edges逻辑结构，确保high_risk_anatomy为无条件进入的决策节点；完整提取并正确分离图11的脚注说明（ᵃ/ᵇ/ᶜ）与主缩写表，并删除页脚网址
2026-05-31 14:13:27,619 [WARNING] extraction_service - [a6172c1f-814e-4dd3-aa1c-8c24a7ee9913] 已生成复核指引: output/医脉通】2020+ESC指南：非持续性ST段抬高型急性冠脉综合征的管理/医脉通】2020+ESC指南：非持续性ST段抬高型急性冠脉综合征的管理_37_review.md
2026-05-31 14:13:27,619 [INFO] extraction_service - [a6172c1f-814e-4dd3-aa1c-8c24a7ee9913] 完成! 耗时 167.94s, 策略=标准提取, 结果=output/医脉通】2020+ESC指南：非持续性ST段抬高型急性冠脉综合征的管理/医脉通】2020+ESC指南：非持续性ST段抬高型急性冠脉综合征的管理_37.md
2026-05-31 14:13:27,619 [INFO] extraction_service - 
==================================================
2026-05-31 14:13:27,619 [INFO] extraction_service - [1a8cced6-fc01-4e1c-85e4-c5c70bd89eb3] 开始处理第 49 页: 【医脉通】2020+ESC指南：非持续性ST段抬高型急性冠脉综合征的管理_49.png
2026-05-31 14:13:45,444 [WARNING] extraction_service - [e941b73b-331c-48fe-a10c-40521ba35558] 校验发现问题，启动定向重提: 修正跨页延续段落的截断处理（保留不完整主语与无句号结尾）、删除页脚URL、将表格注释正确归入表格结构而非混入正文，并确保末句不补全标点。
2026-05-31 14:13:55,833 [WARNING] extraction_service - [be2e1e14-aecd-4e57-8240-d1691c20144e] 校验发现问题，启动定向重提: 修正流程图中'Specific Ischaemic Diagnoses'的节点合并问题及CMR影像分支的条件标签逻辑错误（非缺血模式应指向Specific Non-MINOCA，缺血模式指向True MI）
2026-05-31 14:13:56,600 [INFO] extraction_service - [c22a80aa-7998-4f78-aaf3-a4b1c0c4ba01] 完成! 耗时 68.20s, 策略=标准提取, 结果=output/医脉通】2020+ESC指南：非持续性ST段抬高型急性冠脉综合征的管理/医脉通】2020+ESC指南：非持续性ST段抬高型急性冠脉综合征的管理_44.md
2026-05-31 14:13:56,600 [INFO] extraction_service - 
==================================================
2026-05-31 14:13:56,600 [INFO] extraction_service - [a406ae1c-f304-4fc2-be61-fa76819783d9] 开始处理第 50 页: 【医脉通】2020+ESC指南：非持续性ST段抬高型急性冠脉综合征的管理_50.png
2026-05-31 14:14:04,966 [WARNING] extraction_service - [a063b69a-9bca-41cf-8ede-a20c785a250c] 校验发现问题，启动定向重提: 修正双栏排版顺序：将'8.3 Chronic kidney disease'节标题及正文移至左栏表格之后、右栏内容之前；并确保右栏表格下方的缩写与脚注独立提取于该表格正下方。
2026-05-31 14:14:07,304 [WARNING] extraction_service - [898a3e07-82d2-4a7a-8abc-40ccd885d6fa] 校验发现问题，启动定向重提: 需严格按双栏顺序：先完整输出左栏全部内容（8.4–8.6节），再输出右栏全部内容（右上延续段落→表格及注释→8.7–8.8节），确保右栏起始段落不被拼接到左栏末尾。
2026-05-31 14:14:10,102 [WARNING] extraction_service - [6f8ab42d-eaab-4881-802d-b755d5471923] 校验发现问题，启动定向重提: 需严格按双栏顺序：先输出左栏全部内容（左上段落→9.1节标题列表→表格及脚注），再输出右栏内容（9.2节各子项）；修正9.1.9编号错误，并确保表格下方脚注格式规范、原文截断处不补全
2026-05-31 14:14:18,365 [INFO] extraction_service - [1a8cced6-fc01-4e1c-85e4-c5c70bd89eb3] 完成! 耗时 50.74s, 策略=标准提取, 结果=output/医脉通】2020+ESC指南：非持续性ST段抬高型急性冠脉综合征的管理/医脉通】2020+ESC指南：非持续性ST段抬高型急性冠脉综合征的管理_49.md
2026-05-31 14:14:18,366 [INFO] extraction_service - 
==================================================
2026-05-31 14:14:18,366 [INFO] extraction_service - [55433528-293e-4a24-84d8-6728b7420e95] 开始处理第 51 页: 【医脉通】2020+ESC指南：非持续性ST段抬高型急性冠脉综合征的管理_51.png
2026-05-31 14:14:18,668 [INFO] extraction_service - [e941b73b-331c-48fe-a10c-40521ba35558] 定向重提完成
2026-05-31 14:14:26,615 [WARNING] extraction_service - [eeb88507-759e-4949-9dff-324581146db3] 校验发现问题，启动定向重提: 需严格按双栏顺序组织：左栏完整输出至9.2.9节后，立即接右栏内容——即表格（含其下方注释）后紧跟右下角缩略语与脚注段落，确保右栏内容连续且不移至全文末尾。
2026-05-31 14:14:33,323 [WARNING] extraction_service - [e941b73b-331c-48fe-a10c-40521ba35558] 重提后仍有问题: 需严格按双栏顺序输出（左栏：表格+左下段落；右栏：右下段落），并将表格脚注独立置于表格下方以‘Note:’开头，同时删除页脚URL
2026-05-31 14:14:33,324 [WARNING] extraction_service - [e941b73b-331c-48fe-a10c-40521ba35558] 已生成复核指引: output/医脉通】2020+ESC指南：非持续性ST段抬高型急性冠脉综合征的管理/医脉通】2020+ESC指南：非持续性ST段抬高型急性冠脉综合征的管理_42_review.md
2026-05-31 14:14:33,324 [INFO] extraction_service - [e941b73b-331c-48fe-a10c-40521ba35558] 完成! 耗时 110.50s, 策略=标准提取, 结果=output/医脉通】2020+ESC指南：非持续性ST段抬高型急性冠脉综合征的管理/医脉通】2020+ESC指南：非持续性ST段抬高型急性冠脉综合征的管理_42.md
2026-05-31 14:14:33,324 [INFO] extraction_service - 
==================================================
2026-05-31 14:14:33,324 [INFO] extraction_service - [b5360d1e-2da7-4401-b79a-a406489be3a5] 开始处理第 52 页: 【医脉通】2020+ESC指南：非持续性ST段抬高型急性冠脉综合征的管理_52.png
2026-05-31 14:14:39,580 [WARNING] extraction_service - [a406ae1c-f304-4fc2-be61-fa76819783d9] 校验发现问题，启动定向重提: 需还原原始表格结构，保留右侧证据等级列（I/C, I/A, NA等），并补全表格下方'Continued'注释
2026-05-31 14:14:42,834 [INFO] extraction_service - [be2e1e14-aecd-4e57-8240-d1691c20144e] 定向重提完成
2026-05-31 14:14:45,284 [INFO] extraction_service - [898a3e07-82d2-4a7a-8abc-40ccd885d6fa] 定向重提完成
2026-05-31 14:14:46,553 [INFO] extraction_service - [6f8ab42d-eaab-4881-802d-b755d5471923] 定向重提完成
2026-05-31 14:14:48,934 [INFO] extraction_service - [a063b69a-9bca-41cf-8ede-a20c785a250c] 定向重提完成
2026-05-31 14:15:02,433 [WARNING] extraction_service - [a063b69a-9bca-41cf-8ede-a20c785a250c] 重提后仍有问题: 遗漏右栏两个表格下方的脚注说明（含缩写定义与证据等级标注），且末尾保留了应删除的页脚网址
2026-05-31 14:15:02,434 [WARNING] extraction_service - [a063b69a-9bca-41cf-8ede-a20c785a250c] 已生成复核指引: output/医脉通】2020+ESC指南：非持续性ST段抬高型急性冠脉综合征的管理/医脉通】2020+ESC指南：非持续性ST段抬高型急性冠脉综合征的管理_45_review.md
2026-05-31 14:15:02,434 [INFO] extraction_service - [a063b69a-9bca-41cf-8ede-a20c785a250c] 完成! 耗时 127.34s, 策略=标准提取, 结果=output/医脉通】2020+ESC指南：非持续性ST段抬高型急性冠脉综合征的管理/医脉通】2020+ESC指南：非持续性ST段抬高型急性冠脉综合征的管理_45.md
2026-05-31 14:15:02,434 [INFO] extraction_service - 
==================================================
2026-05-31 14:15:02,434 [INFO] extraction_service - [3fa0bc40-413b-453a-a46f-74db278661c3] 开始处理第 53 页: 【医脉通】2020+ESC指南：非持续性ST段抬高型急性冠脉综合征的管理_53.png
2026-05-31 14:15:04,210 [WARNING] extraction_service - [898a3e07-82d2-4a7a-8abc-40ccd885d6fa] 重提后仍有问题: 严格按双栏顺序：左栏（8.4–8.6）完成后，再输出右栏全部内容（右上段落→表格→表格注释→8.7→8.8），并删除页脚URL
2026-05-31 14:15:04,211 [WARNING] extraction_service - [898a3e07-82d2-4a7a-8abc-40ccd885d6fa] 已生成复核指引: output/医脉通】2020+ESC指南：非持续性ST段抬高型急性冠脉综合征的管理/医脉通】2020+ESC指南：非持续性ST段抬高型急性冠脉综合征的管理_46_review.md
2026-05-31 14:15:04,211 [INFO] extraction_service - [898a3e07-82d2-4a7a-8abc-40ccd885d6fa] 完成! 耗时 119.90s, 策略=标准提取, 结果=output/医脉通】2020+ESC指南：非持续性ST段抬高型急性冠脉综合征的管理/医脉通】2020+ESC指南：非持续性ST段抬高型急性冠脉综合征的管理_46.md
2026-05-31 14:15:04,211 [INFO] extraction_service - 
==================================================
2026-05-31 14:15:04,211 [INFO] extraction_service - [5e8bd422-cf90-45a9-b09c-d3924671da1d] 开始处理第 54 页: 【医脉通】2020+ESC指南：非持续性ST段抬高型急性冠脉综合征的管理_54.png
2026-05-31 14:15:04,308 [WARNING] extraction_service - [6f8ab42d-eaab-4881-802d-b755d5471923] 重提后仍有问题: 需严格按双栏顺序输出：先完整左栏（含段落+表格+表格注释），再完整右栏（含9.2节及其所有子节）；同时修正9.1.9编号错误并删除页脚网址。
2026-05-31 14:15:04,309 [WARNING] extraction_service - [6f8ab42d-eaab-4881-802d-b755d5471923] 已生成复核指引: output/医脉通】2020+ESC指南：非持续性ST段抬高型急性冠脉综合征的管理/医脉通】2020+ESC指南：非持续性ST段抬高型急性冠脉综合征的管理_47_review.md
2026-05-31 14:15:04,309 [INFO] extraction_service - [6f8ab42d-eaab-4881-802d-b755d5471923] 完成! 耗时 110.21s, 策略=标准提取, 结果=output/医脉通】2020+ESC指南：非持续性ST段抬高型急性冠脉综合征的管理/医脉通】2020+ESC指南：非持续性ST段抬高型急性冠脉综合征的管理_47.md
2026-05-31 14:15:04,309 [INFO] extraction_service - 
==================================================
2026-05-31 14:15:04,309 [INFO] extraction_service - [5043bdad-36fa-4a7b-9cb2-19dc66503f66] 开始处理第 55 页: 【医脉通】2020+ESC指南：非持续性ST段抬高型急性冠脉综合征的管理_55.png
2026-05-31 14:15:06,112 [WARNING] extraction_service - [be2e1e14-aecd-4e57-8240-d1691c20144e] 重提后仍有问题: 流程图中CMR Imaging节点缺失'ischaemic pattern'与'Non ischaemic pattern'的分支标识，且LV Functional Assessment被错误建模为独立层级而非过渡节点，需重构YAML结构以准确反映原图决策路径。
2026-05-31 14:15:06,112 [WARNING] extraction_service - [be2e1e14-aecd-4e57-8240-d1691c20144e] 已生成复核指引: output/医脉通】2020+ESC指南：非持续性ST段抬高型急性冠脉综合征的管理/医脉通】2020+ESC指南：非持续性ST段抬高型急性冠脉综合征的管理_43_review.md
2026-05-31 14:15:06,113 [INFO] extraction_service - [be2e1e14-aecd-4e57-8240-d1691c20144e] 完成! 耗时 139.57s, 策略=标准提取, 结果=output/医脉通】2020+ESC指南：非持续性ST段抬高型急性冠脉综合征的管理/医脉通】2020+ESC指南：非持续性ST段抬高型急性冠脉综合征的管理_43.md
2026-05-31 14:15:06,113 [INFO] extraction_service - 
==================================================
2026-05-31 14:15:06,113 [INFO] extraction_service - [38df301f-42b7-43d9-ba65-4d6f5528360d] 开始处理第 56 页: 【医脉通】2020+ESC指南：非持续性ST段抬高型急性冠脉综合征的管理_56.png
2026-05-31 14:15:06,762 [INFO] extraction_service - [55433528-293e-4a24-84d8-6728b7420e95] 完成! 耗时 48.40s, 策略=标准提取, 结果=output/医脉通】2020+ESC指南：非持续性ST段抬高型急性冠脉综合征的管理/医脉通】2020+ESC指南：非持续性ST段抬高型急性冠脉综合征的管理_51.md
2026-05-31 14:15:06,762 [INFO] extraction_service - 
==================================================
2026-05-31 14:15:06,762 [INFO] extraction_service - [129a1b0b-9f1f-4a26-867b-a9726b8680d5] 开始处理第 57 页: 【医脉通】2020+ESC指南：非持续性ST段抬高型急性冠脉综合征的管理_57.png
2026-05-31 14:15:07,825 [INFO] extraction_service - [a406ae1c-f304-4fc2-be61-fa76819783d9] 定向重提完成
2026-05-31 14:15:11,357 [INFO] extraction_service - [eeb88507-759e-4949-9dff-324581146db3] 定向重提完成
2026-05-31 14:15:17,303 [WARNING] extraction_service - [a406ae1c-f304-4fc2-be61-fa76819783d9] 重提后仍有问题: 需还原原始表格结构，保留合并单元格、多行内容及推荐等级（I/C, I/A等）标识，并补提表格下方'Continued'注释
2026-05-31 14:15:17,303 [WARNING] extraction_service - [a406ae1c-f304-4fc2-be61-fa76819783d9] 已生成复核指引: output/医脉通】2020+ESC指南：非持续性ST段抬高型急性冠脉综合征的管理/医脉通】2020+ESC指南：非持续性ST段抬高型急性冠脉综合征的管理_50_review.md
2026-05-31 14:15:17,303 [INFO] extraction_service - [a406ae1c-f304-4fc2-be61-fa76819783d9] 完成! 耗时 80.70s, 策略=标准提取, 结果=output/医脉通】2020+ESC指南：非持续性ST段抬高型急性冠脉综合征的管理/医脉通】2020+ESC指南：非持续性ST段抬高型急性冠脉综合征的管理_50.md
2026-05-31 14:15:17,303 [INFO] extraction_service - 
==================================================
2026-05-31 14:15:17,304 [INFO] extraction_service - [1f3807a9-a961-47a6-9027-e207539f156a] 开始处理第 58 页: 【医脉通】2020+ESC指南：非持续性ST段抬高型急性冠脉综合征的管理_58.png
2026-05-31 14:15:28,405 [WARNING] extraction_service - [eeb88507-759e-4949-9dff-324581146db3] 重提后仍有问题: 左栏需严格分三块输出：首段药物综述、独立的糖尿病血糖控制原则段落、9.2.5小节标题及内容；右栏表格下方的缩略语与脚注应作为表格注释紧随表格，不可移至全文末尾。
2026-05-31 14:15:28,406 [WARNING] extraction_service - [eeb88507-759e-4949-9dff-324581146db3] 已生成复核指引: output/医脉通】2020+ESC指南：非持续性ST段抬高型急性冠脉综合征的管理/医脉通】2020+ESC指南：非持续性ST段抬高型急性冠脉综合征的管理_48_review.md
2026-05-31 14:15:28,406 [INFO] extraction_service - [eeb88507-759e-4949-9dff-324581146db3] 完成! 耗时 125.52s, 策略=标准提取, 结果=output/医脉通】2020+ESC指南：非持续性ST段抬高型急性冠脉综合征的管理/医脉通】2020+ESC指南：非持续性ST段抬高型急性冠脉综合征的管理_48.md
2026-05-31 14:15:28,406 [INFO] extraction_service - 
==================================================
2026-05-31 14:15:28,406 [INFO] extraction_service - [f2512728-5551-4dd5-b55b-cb98c37db196] 开始处理第 59 页: 【医脉通】2020+ESC指南：非持续性ST段抬高型急性冠脉综合征的管理_59.png
2026-05-31 14:15:47,454 [INFO] extraction_service - [5e8bd422-cf90-45a9-b09c-d3924671da1d] 完成! 耗时 43.24s, 策略=标准提取, 结果=output/医脉通】2020+ESC指南：非持续性ST段抬高型急性冠脉综合征的管理/医脉通】2020+ESC指南：非持续性ST段抬高型急性冠脉综合征的管理_54.md
2026-05-31 14:15:47,456 [INFO] extraction_service - 
==================================================
2026-05-31 14:15:47,456 [INFO] extraction_service - [0e82bd38-5774-4672-8c0e-b406501b352a] 开始处理第 60 页: 【医脉通】2020+ESC指南：非持续性ST段抬高型急性冠脉综合征的管理_60.png
2026-05-31 14:15:49,842 [WARNING] extraction_service - [129a1b0b-9f1f-4a26-867b-a9726b8680d5] 校验发现问题，启动定向重提: 需严格按原图表格结构（含合并单元格、证据等级列）还原表格，补全表格下方注释，并删除页脚URL及所有参考文献上标
2026-05-31 14:15:54,079 [INFO] extraction_service - [3fa0bc40-413b-453a-a46f-74db278661c3] 完成! 耗时 51.64s, 策略=标准提取, 结果=output/医脉通】2020+ESC指南：非持续性ST段抬高型急性冠脉综合征的管理/医脉通】2020+ESC指南：非持续性ST段抬高型急性冠脉综合征的管理_53.md
2026-05-31 14:15:54,079 [INFO] extraction_service - 
==================================================
2026-05-31 14:15:54,079 [INFO] extraction_service - [fc900148-9a59-4b52-b7b9-a40221868790] 开始处理第 61 页: 【医脉通】2020+ESC指南：非持续性ST段抬高型急性冠脉综合征的管理_61.png
2026-05-31 14:15:56,262 [INFO] extraction_service - [5043bdad-36fa-4a7b-9cb2-19dc66503f66] 完成! 耗时 51.95s, 策略=标准提取, 结果=output/医脉通】2020+ESC指南：非持续性ST段抬高型急性冠脉综合征的管理/医脉通】2020+ESC指南：非持续性ST段抬高型急性冠脉综合征的管理_55.md
2026-05-31 14:15:56,262 [INFO] extraction_service - 
==================================================
2026-05-31 14:15:56,262 [INFO] extraction_service - [4e7a3be7-fdcc-4a4a-8ff6-36a2c987db2a] 开始处理第 62 页: 【医脉通】2020+ESC指南：非持续性ST段抬高型急性冠脉综合征的管理_62.png
2026-05-31 14:15:57,998 [WARNING] extraction_service - [38df301f-42b7-43d9-ba65-4d6f5528360d] 校验发现问题，启动定向重提: 必须还原原始表格结构，保留合并单元格、多行内容及右侧推荐等级标识（I/B/C/A/III等），并删除所有参考文献上标；补充提取表格下方注释段落
2026-05-31 14:16:04,394 [WARNING] extraction_service - [1f3807a9-a961-47a6-9027-e207539f156a] 校验发现问题，启动定向重提: 必须还原原始表格结构，保留合并单元格、多行单元格及推荐等级（I/II/III, A/B/C）列，禁止将表格转为纯文本段落
2026-05-31 14:16:08,663 [INFO] extraction_service - [fc900148-9a59-4b52-b7b9-a40221868790] 完成! 耗时 14.58s, 策略=轻量提取, 结果=output/医脉通】2020+ESC指南：非持续性ST段抬高型急性冠脉综合征的管理/医脉通】2020+ESC指南：非持续性ST段抬高型急性冠脉综合征的管理_61.md
2026-05-31 14:16:08,663 [INFO] extraction_service - 
==================================================
2026-05-31 14:16:08,663 [INFO] extraction_service - [ae8574c8-9728-43bd-aca5-20be5fae532c] 开始处理第 63 页: 【医脉通】2020+ESC指南：非持续性ST段抬高型急性冠脉综合征的管理_63.png
2026-05-31 14:16:14,619 [INFO] extraction_service - [4e7a3be7-fdcc-4a4a-8ff6-36a2c987db2a] 完成! 耗时 18.36s, 策略=轻量提取, 结果=output/医脉通】2020+ESC指南：非持续性ST段抬高型急性冠脉综合征的管理/医脉通】2020+ESC指南：非持续性ST段抬高型急性冠脉综合征的管理_62.md
2026-05-31 14:16:14,619 [INFO] extraction_service - 
==================================================
2026-05-31 14:16:14,619 [INFO] extraction_service - [a24dd2cd-ec81-406b-b5f7-05dcfdb98353] 开始处理第 64 页: 【医脉通】2020+ESC指南：非持续性ST段抬高型急性冠脉综合征的管理_64.png
2026-05-31 14:16:21,414 [INFO] extraction_service - [b5360d1e-2da7-4401-b79a-a406489be3a5] 完成! 耗时 108.09s, 策略=完整提取, 结果=output/医脉通】2020+ESC指南：非持续性ST段抬高型急性冠脉综合征的管理/医脉通】2020+ESC指南：非持续性ST段抬高型急性冠脉综合征的管理_52.md
2026-05-31 14:16:21,415 [INFO] extraction_service - 
==================================================
2026-05-31 14:16:21,415 [INFO] extraction_service - [d7413292-d5b9-4ed8-aa90-d87ae9e9ec62] 开始处理第 65 页: 【医脉通】2020+ESC指南：非持续性ST段抬高型急性冠脉综合征的管理_65.png
2026-05-31 14:16:24,080 [INFO] extraction_service - [129a1b0b-9f1f-4a26-867b-a9726b8680d5] 定向重提完成
2026-05-31 14:16:24,675 [INFO] extraction_service - [ae8574c8-9728-43bd-aca5-20be5fae532c] 完成! 耗时 16.01s, 策略=轻量提取, 结果=output/医脉通】2020+ESC指南：非持续性ST段抬高型急性冠脉综合征的管理/医脉通】2020+ESC指南：非持续性ST段抬高型急性冠脉综合征的管理_63.md
2026-05-31 14:16:24,675 [INFO] extraction_service - 
==================================================
2026-05-31 14:16:24,675 [INFO] extraction_service - [91146d4e-397c-4fe1-85ca-8c6c32e6287b] 开始处理第 66 页: 【医脉通】2020+ESC指南：非持续性ST段抬高型急性冠脉综合征的管理_66.png
2026-05-31 14:16:25,158 [INFO] extraction_service - [a24dd2cd-ec81-406b-b5f7-05dcfdb98353] 完成! 耗时 10.54s, 策略=轻量提取, 结果=output/医脉通】2020+ESC指南：非持续性ST段抬高型急性冠脉综合征的管理/医脉通】2020+ESC指南：非持续性ST段抬高型急性冠脉综合征的管理_64.md
2026-05-31 14:16:25,159 [INFO] extraction_service - 
==================================================
2026-05-31 14:16:25,159 [INFO] extraction_service - [07cd6829-90ab-4985-a9d9-8a8aa54feef2] 开始处理第 67 页: 【医脉通】2020+ESC指南：非持续性ST段抬高型急性冠脉综合征的管理_67.png
2026-05-31 14:16:28,109 [INFO] extraction_service - [38df301f-42b7-43d9-ba65-4d6f5528360d] 定向重提完成
2026-05-31 14:16:35,787 [WARNING] extraction_service - [f2512728-5551-4dd5-b55b-cb98c37db196] 校验发现问题，启动定向重提: 遗漏表格下方脚注段落、未还原表格结构、右下角段落截断且未标明栏位归属，需重点修复双栏排版与表格完整性
2026-05-31 14:16:37,548 [INFO] extraction_service - [1f3807a9-a961-47a6-9027-e207539f156a] 定向重提完成
2026-05-31 14:16:41,768 [INFO] extraction_service - [07cd6829-90ab-4985-a9d9-8a8aa54feef2] 完成! 耗时 16.61s, 策略=轻量提取, 结果=output/医脉通】2020+ESC指南：非持续性ST段抬高型急性冠脉综合征的管理/医脉通】2020+ESC指南：非持续性ST段抬高型急性冠脉综合征的管理_67.md
2026-05-31 14:16:41,768 [INFO] extraction_service - 
==================================================
2026-05-31 14:16:41,768 [INFO] extraction_service - [f2a0f1cc-debe-4ed0-80b1-bbd9eb4c35b1] 开始处理第 68 页: 【医脉通】2020+ESC指南：非持续性ST段抬高型急性冠脉综合征的管理_68.png
2026-05-31 14:16:42,817 [WARNING] extraction_service - [d7413292-d5b9-4ed8-aa90-d87ae9e9ec62] 校验发现问题，启动定向重提: 该页为正文与参考文献混合页，需提取双栏中的4个正文段落块，仅跳过从'参考文献'标题开始的条目；当前错误地将整页当作纯参考文献页处理。
2026-05-31 14:16:43,346 [WARNING] extraction_service - [38df301f-42b7-43d9-ba65-4d6f5528360d] 重提后仍有问题: 必须还原原始表格结构，保留证据等级列（I/II/III与A/B/C对应关系），并补全表格下方注释；禁止将表格内分组标题转为Markdown标题
2026-05-31 14:16:43,347 [WARNING] extraction_service - [38df301f-42b7-43d9-ba65-4d6f5528360d] 已生成复核指引: output/医脉通】2020+ESC指南：非持续性ST段抬高型急性冠脉综合征的管理/医脉通】2020+ESC指南：非持续性ST段抬高型急性冠脉综合征的管理_56_review.md
2026-05-31 14:16:43,347 [INFO] extraction_service - [38df301f-42b7-43d9-ba65-4d6f5528360d] 完成! 耗时 97.23s, 策略=标准提取, 结果=output/医脉通】2020+ESC指南：非持续性ST段抬高型急性冠脉综合征的管理/医脉通】2020+ESC指南：非持续性ST段抬高型急性冠脉综合征的管理_56.md
2026-05-31 14:16:43,347 [INFO] extraction_service - 
==================================================
2026-05-31 14:16:43,347 [INFO] extraction_service - [a0dc61f2-ba7f-44de-9b24-b9cda4b91f00] 开始处理第 69 页: 【医脉通】2020+ESC指南：非持续性ST段抬高型急性冠脉综合征的管理_69.png
2026-05-31 14:16:43,821 [INFO] extraction_service - [91146d4e-397c-4fe1-85ca-8c6c32e6287b] 完成! 耗时 19.15s, 策略=轻量提取, 结果=output/医脉通】2020+ESC指南：非持续性ST段抬高型急性冠脉综合征的管理/医脉通】2020+ESC指南：非持续性ST段抬高型急性冠脉综合征的管理_66.md
2026-05-31 14:16:43,821 [INFO] extraction_service - 
==================================================
2026-05-31 14:16:43,821 [INFO] extraction_service - [9ae0a27d-aceb-47a7-a555-abd25c4944c1] 开始处理第 70 页: 【医脉通】2020+ESC指南：非持续性ST段抬高型急性冠脉综合征的管理_70.png
2026-05-31 14:16:47,452 [WARNING] extraction_service - [129a1b0b-9f1f-4a26-867b-a9726b8680d5] 重提后仍有问题: 需将全文还原为单一大表格结构，保留原表的合并单元格与层级标题（如主推荐项→子类别→具体推荐条目），并补全表格下方的上标参考文献脚注说明。
2026-05-31 14:16:47,453 [WARNING] extraction_service - [129a1b0b-9f1f-4a26-867b-a9726b8680d5] 已生成复核指引: output/医脉通】2020+ESC指南：非持续性ST段抬高型急性冠脉综合征的管理/医脉通】2020+ESC指南：非持续性ST段抬高型急性冠脉综合征的管理_57_review.md
2026-05-31 14:16:47,453 [INFO] extraction_service - [129a1b0b-9f1f-4a26-867b-a9726b8680d5] 完成! 耗时 100.69s, 策略=标准提取, 结果=output/医脉通】2020+ESC指南：非持续性ST段抬高型急性冠脉综合征的管理/医脉通】2020+ESC指南：非持续性ST段抬高型急性冠脉综合征的管理_57.md
2026-05-31 14:16:47,454 [INFO] extraction_service - 
==================================================
2026-05-31 14:16:47,454 [INFO] extraction_service - [7cb6bd99-814d-4b75-bab9-e4dbffee4e4a] 开始处理第 71 页: 【医脉通】2020+ESC指南：非持续性ST段抬高型急性冠脉综合征的管理_71.png
2026-05-31 14:16:53,312 [WARNING] extraction_service - [1f3807a9-a961-47a6-9027-e207539f156a] 重提后仍有问题: 将原文单一大表格完整还原为一个Markdown表格，保留各级推荐类别作为合并单元格标题行（如使用`<br>`分隔多行标题或用空单元格+粗体标注），禁止拆分为多个独立表格
2026-05-31 14:16:53,313 [WARNING] extraction_service - [1f3807a9-a961-47a6-9027-e207539f156a] 已生成复核指引: output/医脉通】2020+ESC指南：非持续性ST段抬高型急性冠脉综合征的管理/医脉通】2020+ESC指南：非持续性ST段抬高型急性冠脉综合征的管理_58_review.md
2026-05-31 14:16:53,313 [INFO] extraction_service - [1f3807a9-a961-47a6-9027-e207539f156a] 完成! 耗时 96.01s, 策略=标准提取, 结果=output/医脉通】2020+ESC指南：非持续性ST段抬高型急性冠脉综合征的管理/医脉通】2020+ESC指南：非持续性ST段抬高型急性冠脉综合征的管理_58.md
2026-05-31 14:16:53,314 [INFO] extraction_service - 
==================================================
2026-05-31 14:16:53,314 [INFO] extraction_service - [e0bc2b7e-9b8a-41fe-9187-86addcc901d7] 开始处理第 72 页: 【医脉通】2020+ESC指南：非持续性ST段抬高型急性冠脉综合征的管理_72.png
2026-05-31 14:16:57,645 [WARNING] extraction_service - [f2a0f1cc-debe-4ed0-80b1-bbd9eb4c35b1] 校验发现问题，启动定向重提: 该页为正文与参考文献混合页，需提取顶部可能存在的延续段落及编号209–233中非参考文献性质的正文内容（如研究标题、摘要句等），仅跳过从'参考文献'标题开始后的条目；当前错误地将整页当作纯参考文献页跳过。
2026-05-31 14:16:59,965 [WARNING] extraction_service - [a0dc61f2-ba7f-44de-9b24-b9cda4b91f00] 校验发现问题，启动定向重提: 需保留页面顶部的正文引言段落（左上与右上内容块），仅跳过编号243起的参考文献条目；严禁将混合页整体标记为‘参考文献页’跳过
2026-05-31 14:17:01,045 [INFO] extraction_service - [9ae0a27d-aceb-47a7-a555-abd25c4944c1] 完成! 耗时 17.22s, 策略=轻量提取, 结果=output/医脉通】2020+ESC指南：非持续性ST段抬高型急性冠脉综合征的管理/医脉通】2020+ESC指南：非持续性ST段抬高型急性冠脉综合征的管理_70.md
2026-05-31 14:17:01,045 [INFO] extraction_service - 
==================================================
2026-05-31 14:17:01,045 [INFO] extraction_service - [bbdb9151-033b-43e8-ba26-2213ea6f02e2] 开始处理第 73 页: 【医脉通】2020+ESC指南：非持续性ST段抬高型急性冠脉综合征的管理_73.png
2026-05-31 14:17:04,435 [WARNING] extraction_service - [0e82bd38-5774-4672-8c0e-b406501b352a] 校验发现问题，启动定向重提: 严格按双栏顺序输出：左栏4个段落（作者列表、CPG成员、ESC国家学会左半部分至Iceland）、右栏2个段落（国家学会右半部分从Ireland起、以及‘17 References’前的过渡句），并彻底删除所有参考文献条目及‘17 References’标题
2026-05-31 14:17:05,690 [INFO] extraction_service - [7cb6bd99-814d-4b75-bab9-e4dbffee4e4a] 完成! 耗时 18.24s, 策略=轻量提取, 结果=output/医脉通】2020+ESC指南：非持续性ST段抬高型急性冠脉综合征的管理/医脉通】2020+ESC指南：非持续性ST段抬高型急性冠脉综合征的管理_71.md
2026-05-31 14:17:05,690 [INFO] extraction_service - 
==================================================
2026-05-31 14:17:05,690 [INFO] extraction_service - [e19a4245-bff4-460d-a034-97ed8d9b4b39] 开始处理第 74 页: 【医脉通】2020+ESC指南：非持续性ST段抬高型急性冠脉综合征的管理_74.png
2026-05-31 14:17:15,338 [WARNING] extraction_service - [e0bc2b7e-9b8a-41fe-9187-86addcc901d7] 校验发现问题，启动定向重提: 该页虽为参考文献列表，但Scout将其识别为4个正文段落块，应按混合页处理：保留所有编号条目作为正文内容（因指南中参考文献常作为正文一部分呈现），不得跳过；需重新提取全部4个内容块。
2026-05-31 14:17:17,149 [INFO] extraction_service - [f2512728-5551-4dd5-b55b-cb98c37db196] 定向重提完成
2026-05-31 14:17:17,314 [INFO] extraction_service - [bbdb9151-033b-43e8-ba26-2213ea6f02e2] 完成! 耗时 16.27s, 策略=轻量提取, 结果=output/医脉通】2020+ESC指南：非持续性ST段抬高型急性冠脉综合征的管理/医脉通】2020+ESC指南：非持续性ST段抬高型急性冠脉综合征的管理_73.md
2026-05-31 14:17:17,314 [INFO] extraction_service - 
==================================================
2026-05-31 14:17:17,314 [INFO] extraction_service - [81c0b52e-8ef6-4b63-858e-1968726fb90c] 开始处理第 75 页: 【医脉通】2020+ESC指南：非持续性ST段抬高型急性冠脉综合征的管理_75.png
2026-05-31 14:17:18,060 [INFO] extraction_service - [a0dc61f2-ba7f-44de-9b24-b9cda4b91f00] 定向重提完成
2026-05-31 14:17:26,323 [WARNING] extraction_service - [e19a4245-bff4-460d-a034-97ed8d9b4b39] 校验发现问题，启动定向重提: 需重新判断该页是否为纯参考文献页：若Scout识别的4个'段落'实为参考文献条目，则维持跳过；若其中包含非参考文献正文内容（如章节说明、过渡句），则必须提取，不可整页跳过。
2026-05-31 14:17:26,700 [WARNING] extraction_service - [a0dc61f2-ba7f-44de-9b24-b9cda4b91f00] 重提后仍有问题: 该页为纯参考文献页，应整体跳过并仅输出‘（本页为参考文献，已跳过）’，不得提取任何参考文献条目。
2026-05-31 14:17:26,701 [WARNING] extraction_service - [a0dc61f2-ba7f-44de-9b24-b9cda4b91f00] 已生成复核指引: output/医脉通】2020+ESC指南：非持续性ST段抬高型急性冠脉综合征的管理/医脉通】2020+ESC指南：非持续性ST段抬高型急性冠脉综合征的管理_69_review.md
2026-05-31 14:17:26,701 [INFO] extraction_service - [a0dc61f2-ba7f-44de-9b24-b9cda4b91f00] 完成! 耗时 43.35s, 策略=轻量提取, 结果=output/医脉通】2020+ESC指南：非持续性ST段抬高型急性冠脉综合征的管理/医脉通】2020+ESC指南：非持续性ST段抬高型急性冠脉综合征的管理_69.md
2026-05-31 14:17:26,701 [INFO] extraction_service - 
==================================================
2026-05-31 14:17:26,701 [INFO] extraction_service - [1b26354a-aae3-4264-805c-ff050e9a4012] 开始处理第 76 页: 【医脉通】2020+ESC指南：非持续性ST段抬高型急性冠脉综合征的管理_76.png
2026-05-31 14:17:29,643 [WARNING] extraction_service - [f2512728-5551-4dd5-b55b-cb98c37db196] 重提后仍有问题: 遗漏了表格下方的缩略语及脚注注释段落，且未提取页面右下角独立网址文本
2026-05-31 14:17:29,644 [WARNING] extraction_service - [f2512728-5551-4dd5-b55b-cb98c37db196] 已生成复核指引: output/医脉通】2020+ESC指南：非持续性ST段抬高型急性冠脉综合征的管理/医脉通】2020+ESC指南：非持续性ST段抬高型急性冠脉综合征的管理_59_review.md
2026-05-31 14:17:29,644 [INFO] extraction_service - [f2512728-5551-4dd5-b55b-cb98c37db196] 完成! 耗时 121.24s, 策略=标准提取, 结果=output/医脉通】2020+ESC指南：非持续性ST段抬高型急性冠脉综合征的管理/医脉通】2020+ESC指南：非持续性ST段抬高型急性冠脉综合征的管理_59.md
2026-05-31 14:17:29,644 [INFO] extraction_service - 
==================================================
2026-05-31 14:17:29,644 [INFO] extraction_service - [cdb64226-28e6-4f96-96cb-0b4dbc02522b] 开始处理第 77 页: 【医脉通】2020+ESC指南：非持续性ST段抬高型急性冠脉综合征的管理_77.png
2026-05-31 14:17:35,413 [WARNING] extraction_service - [81c0b52e-8ef6-4b63-858e-1968726fb90c] 校验发现问题，启动定向重提: 本页为正文与参考文献混合页，需提取顶部承接上页的延续段落（如'ischemic syndromes with and without ST-segment elevation.'起始句），不可整页跳过。
2026-05-31 14:17:37,258 [INFO] extraction_service - [1b26354a-aae3-4264-805c-ff050e9a4012] 完成! 耗时 10.56s, 策略=轻量提取, 结果=output/医脉通】2020+ESC指南：非持续性ST段抬高型急性冠脉综合征的管理/医脉通】2020+ESC指南：非持续性ST段抬高型急性冠脉综合征的管理_76.md
2026-05-31 14:17:37,259 [INFO] extraction_service - 
==================================================
2026-05-31 14:17:37,259 [INFO] extraction_service - [cc4d4100-c9f3-4b60-b9a4-6de6bc279a1c] 开始处理第 78 页: 【医脉通】2020+ESC指南：非持续性ST段抬高型急性冠脉综合征的管理_78.png
2026-05-31 14:17:41,081 [INFO] extraction_service - [0e82bd38-5774-4672-8c0e-b406501b352a] 定向重提完成
2026-05-31 14:17:44,406 [WARNING] extraction_service - [cdb64226-28e6-4f96-96cb-0b4dbc02522b] 校验发现问题，启动定向重提: 该页为正文与参考文献混合页，需提取左上、右上、左下、右下四个段落内容块，不可整体跳过
2026-05-31 14:17:52,568 [WARNING] extraction_service - [cc4d4100-c9f3-4b60-b9a4-6de6bc279a1c] 校验发现问题，启动定向重提: 该页为正文与参考文献混合页，需提取编号503–538的正文引用条目（属指南正文组成部分），不可整体跳过
2026-05-31 14:17:59,711 [WARNING] extraction_service - [0e82bd38-5774-4672-8c0e-b406501b352a] 重提后仍有问题: 需严格区分正文国家列表与参考文献起始边界，确保'17 References'标题作为独立内容块被识别并跳过，避免将Iceland与Ireland错误连写；同时修正右栏国家列表末尾标点缺失问题
2026-05-31 14:17:59,712 [WARNING] extraction_service - [0e82bd38-5774-4672-8c0e-b406501b352a] 已生成复核指引: output/医脉通】2020+ESC指南：非持续性ST段抬高型急性冠脉综合征的管理/医脉通】2020+ESC指南：非持续性ST段抬高型急性冠脉综合征的管理_60_review.md
2026-05-31 14:17:59,712 [INFO] extraction_service - [0e82bd38-5774-4672-8c0e-b406501b352a] 完成! 耗时 132.26s, 策略=轻量提取, 结果=output/医脉通】2020+ESC指南：非持续性ST段抬高型急性冠脉综合征的管理/医脉通】2020+ESC指南：非持续性ST段抬高型急性冠脉综合征的管理_60.md
2026-05-31 14:17:59,715 [INFO] extraction_service - 
==================================================
2026-05-31 14:17:59,715 [INFO] extraction_service - [edfa022f-d5b7-49f4-b85b-c1dfeb259c5a] 开始处理第 79 页: 【医脉通】2020+ESC指南：非持续性ST段抬高型急性冠脉综合征的管理_79.png
2026-05-31 14:18:11,696 [INFO] extraction_service - [d7413292-d5b9-4ed8-aa90-d87ae9e9ec62] 定向重提完成
2026-05-31 14:18:18,779 [WARNING] extraction_service - [d7413292-d5b9-4ed8-aa90-d87ae9e9ec62] 重提后仍有问题: 该页为纯参考文献页，需跳过全部参考文献条目，仅输出‘（本页为参考文献，已跳过）’
2026-05-31 14:18:18,782 [WARNING] extraction_service - [d7413292-d5b9-4ed8-aa90-d87ae9e9ec62] 已生成复核指引: output/医脉通】2020+ESC指南：非持续性ST段抬高型急性冠脉综合征的管理/医脉通】2020+ESC指南：非持续性ST段抬高型急性冠脉综合征的管理_65_review.md
2026-05-31 14:18:18,782 [INFO] extraction_service - [d7413292-d5b9-4ed8-aa90-d87ae9e9ec62] 完成! 耗时 117.37s, 策略=轻量提取, 结果=output/医脉通】2020+ESC指南：非持续性ST段抬高型急性冠脉综合征的管理/医脉通】2020+ESC指南：非持续性ST段抬高型急性冠脉综合征的管理_65.md
2026-05-31 14:18:20,937 [INFO] extraction_service - [edfa022f-d5b7-49f4-b85b-c1dfeb259c5a] 完成! 耗时 21.22s, 策略=轻量提取, 结果=output/医脉通】2020+ESC指南：非持续性ST段抬高型急性冠脉综合征的管理/医脉通】2020+ESC指南：非持续性ST段抬高型急性冠脉综合征的管理_79.md
2026-05-31 14:18:37,196 [INFO] extraction_service - [f2a0f1cc-debe-4ed0-80b1-bbd9eb4c35b1] 定向重提完成
2026-05-31 14:18:46,878 [WARNING] extraction_service - [f2a0f1cc-debe-4ed0-80b1-bbd9eb4c35b1] 重提后仍有问题: 需删除右下角页脚网址，并在截断处明确保留原文未完成状态（如添加省略号或标注'（原文截断）'）
2026-05-31 14:18:46,880 [WARNING] extraction_service - [f2a0f1cc-debe-4ed0-80b1-bbd9eb4c35b1] 已生成复核指引: output/医脉通】2020+ESC指南：非持续性ST段抬高型急性冠脉综合征的管理/医脉通】2020+ESC指南：非持续性ST段抬高型急性冠脉综合征的管理_68_review.md
2026-05-31 14:18:46,880 [INFO] extraction_service - [f2a0f1cc-debe-4ed0-80b1-bbd9eb4c35b1] 完成! 耗时 125.11s, 策略=轻量提取, 结果=output/医脉通】2020+ESC指南：非持续性ST段抬高型急性冠脉综合征的管理/医脉通】2020+ESC指南：非持续性ST段抬高型急性冠脉综合征的管理_68.md
2026-05-31 14:18:51,959 [INFO] extraction_service - [e19a4245-bff4-460d-a034-97ed8d9b4b39] 定向重提完成
2026-05-31 14:18:55,966 [INFO] extraction_service - [e0bc2b7e-9b8a-41fe-9187-86addcc901d7] 定向重提完成
2026-05-31 14:19:00,588 [WARNING] extraction_service - [e19a4245-bff4-460d-a034-97ed8d9b4b39] 重提后仍有问题: 本页为纯参考文献页，应跳过全部参考文献条目并仅输出'（本页为参考文献，已跳过）'，同时需删除页脚网址
2026-05-31 14:19:00,590 [WARNING] extraction_service - [e19a4245-bff4-460d-a034-97ed8d9b4b39] 已生成复核指引: output/医脉通】2020+ESC指南：非持续性ST段抬高型急性冠脉综合征的管理/医脉通】2020+ESC指南：非持续性ST段抬高型急性冠脉综合征的管理_74_review.md
2026-05-31 14:19:00,590 [INFO] extraction_service - [e19a4245-bff4-460d-a034-97ed8d9b4b39] 完成! 耗时 114.90s, 策略=轻量提取, 结果=output/医脉通】2020+ESC指南：非持续性ST段抬高型急性冠脉综合征的管理/医脉通】2020+ESC指南：非持续性ST段抬高型急性冠脉综合征的管理_74.md
2026-05-31 14:19:02,420 [WARNING] extraction_service - [e0bc2b7e-9b8a-41fe-9187-86addcc901d7] 重提后仍有问题: 该页为纯参考文献页，应跳过全部参考文献条目，仅输出‘（本页为参考文献，已跳过）’
2026-05-31 14:19:02,420 [WARNING] extraction_service - [e0bc2b7e-9b8a-41fe-9187-86addcc901d7] 已生成复核指引: output/医脉通】2020+ESC指南：非持续性ST段抬高型急性冠脉综合征的管理/医脉通】2020+ESC指南：非持续性ST段抬高型急性冠脉综合征的管理_72_review.md
2026-05-31 14:19:02,420 [INFO] extraction_service - [e0bc2b7e-9b8a-41fe-9187-86addcc901d7] 完成! 耗时 129.11s, 策略=轻量提取, 结果=output/医脉通】2020+ESC指南：非持续性ST段抬高型急性冠脉综合征的管理/医脉通】2020+ESC指南：非持续性ST段抬高型急性冠脉综合征的管理_72.md
2026-05-31 14:19:07,759 [INFO] extraction_service - [81c0b52e-8ef6-4b63-858e-1968726fb90c] 定向重提完成
2026-05-31 14:19:14,635 [INFO] extraction_service - [cdb64226-28e6-4f96-96cb-0b4dbc02522b] 定向重提完成
2026-05-31 14:19:21,381 [WARNING] extraction_service - [cdb64226-28e6-4f96-96cb-0b4dbc02522b] 重提后仍有问题: 该页为纯参考文献页，需跳过全部内容，仅保留提示语‘（本页为参考文献，已跳过）’
2026-05-31 14:19:21,383 [WARNING] extraction_service - [cdb64226-28e6-4f96-96cb-0b4dbc02522b] 已生成复核指引: output/医脉通】2020+ESC指南：非持续性ST段抬高型急性冠脉综合征的管理/医脉通】2020+ESC指南：非持续性ST段抬高型急性冠脉综合征的管理_77_review.md
2026-05-31 14:19:21,383 [INFO] extraction_service - [cdb64226-28e6-4f96-96cb-0b4dbc02522b] 完成! 耗时 111.74s, 策略=轻量提取, 结果=output/医脉通】2020+ESC指南：非持续性ST段抬高型急性冠脉综合征的管理/医脉通】2020+ESC指南：非持续性ST段抬高型急性冠脉综合征的管理_77.md
2026-05-31 14:19:23,425 [WARNING] extraction_service - [81c0b52e-8ef6-4b63-858e-1968726fb90c] 重提后仍有问题: 本页为纯参考文献页，应跳过全部内容仅输出跳过提示，而非提取参考文献条目
2026-05-31 14:19:23,428 [WARNING] extraction_service - [81c0b52e-8ef6-4b63-858e-1968726fb90c] 已生成复核指引: output/医脉通】2020+ESC指南：非持续性ST段抬高型急性冠脉综合征的管理/医脉通】2020+ESC指南：非持续性ST段抬高型急性冠脉综合征的管理_75_review.md
2026-05-31 14:19:23,428 [INFO] extraction_service - [81c0b52e-8ef6-4b63-858e-1968726fb90c] 完成! 耗时 126.11s, 策略=轻量提取, 结果=output/医脉通】2020+ESC指南：非持续性ST段抬高型急性冠脉综合征的管理/医脉通】2020+ESC指南：非持续性ST段抬高型急性冠脉综合征的管理_75.md
2026-05-31 14:19:33,644 [INFO] extraction_service - [cc4d4100-c9f3-4b60-b9a4-6de6bc279a1c] 定向重提完成
2026-05-31 14:19:52,035 [WARNING] extraction_service - [cc4d4100-c9f3-4b60-b9a4-6de6bc279a1c] 重提后仍有问题: 本页实为纯参考文献页，应跳过全部条目并输出‘（本页为参考文献，已跳过）’；当前错误提取了503–538条参考文献，且末尾条目被截断，需重新判断页面类型并按规范处理。
2026-05-31 14:19:52,036 [WARNING] extraction_service - [cc4d4100-c9f3-4b60-b9a4-6de6bc279a1c] 已生成复核指引: output/医脉通】2020+ESC指南：非持续性ST段抬高型急性冠脉综合征的管理/医脉通】2020+ESC指南：非持续性ST段抬高型急性冠脉综合征的管理_78_review.md
2026-05-31 14:19:52,036 [INFO] extraction_service - [cc4d4100-c9f3-4b60-b9a4-6de6bc279a1c] 完成! 耗时 134.78s, 策略=轻量提取, 结果=output/医脉通】2020+ESC指南：非持续性ST段抬高型急性冠脉综合征的管理/医脉通】2020+ESC指南：非持续性ST段抬高型急性冠脉综合征的管理_78.md
